team_formation,rover_0_x,rover_0_y,rover_1_x,rover_1_y,rover_2_x,rover_2_y,rover_3_x,rover_3_y,rover_poi_0_x,rover_poi_0_y,rover_poi_1_x,rover_poi_1_y,rover_poi_2_x,rover_poi_2_y,rover_0_obs_0,rover_0_obs_0,rover_0_obs_0,rover_0_obs_0,rover_0_obs_0,rover_0_obs_0,rover_0_obs_0,rover_0_obs_0,rover_1_obs_1,rover_1_obs_1,rover_1_obs_1,rover_1_obs_1,rover_1_obs_1,rover_1_obs_1,rover_1_obs_1,rover_1_obs_1,rover_2_obs_2,rover_2_obs_2,rover_2_obs_2,rover_2_obs_2,rover_2_obs_2,rover_2_obs_2,rover_2_obs_2,rover_2_obs_2,rover_3_obs_3,rover_3_obs_3,rover_3_obs_3,rover_3_obs_3,rover_3_obs_3,rover_3_obs_3,rover_3_obs_3,rover_3_obs_3,rover_0_dx,rover_0_dy,rover_1_dx,rover_1_dy,rover_2_dx,rover_2_dy,rover_3_dx,rover_3_dy,
0-1-2-3,25.0,25.0,25.0,25.0,25.0,25.0,25.0,25.0,15.0,20.0,25.0,10.0,35.0,20.0,0.0008212807590862338,9.77463569995737,-1.0,10.312318068892564,0.0015319601190827792,-1.0,-1.0,0.0015973051098608076,6.29721802817046e-310,6.2974173523182e-310,6.29721802817046e-310,2.197958183358424,3.16e-322,-1.0000000000000568,6.2974173714247e-310,0.0,0.0008158444126989384,6.410918913996099,-1.0,-1.0,0.0015253174198779401,-1.0,-1.0,0.001598690613980614,0.1683438174056686,-1.0,-1.0,0.3389699353773186,-1.0,-1.0,0.6971507144848926,0.00807967078293826,-0.030550938412869454,0.03953654534955843,0.9671205832746533,-0.36377488493018245,0.9999846543916274,-0.07782079650249552,-0.16479474708254715,0.004254711229516707
0-1-2-3,24.96944906158713,25.03953654534956,25.967120583274653,24.636225115069816,25.99998465439163,24.922179203497503,24.835205252917454,25.004254711229517,15.0,20.0,25.0,10.0,35.0,20.0,0.0008212807590862338,9.77463569995737,-1.0,10.312318068892564,0.0015319601190827792,-1.0,-1.0,0.0015973051098608076,6.29721802817046e-310,6.2974173523182e-310,6.29721802817046e-310,2.197958183358424,3.16e-322,-1.0000000000000568,6.2974173714247e-310,0.0,0.0008158444126989384,6.410918913996099,-1.0,-1.0,0.0015253174198779401,-1.0,-1.0,0.001598690613980614,0.1683438174056686,-1.0,-1.0,0.3389699353773186,-1.0,-1.0,0.6971507144848926,0.00807967078293826,0.47216195107487563,0.05445215012108145,-0.28400193999589163,-0.009791486095295704,-0.448409755025933,-0.9999999999344483,-0.3034181151404852,-0.007920459241422774
0-1-2-3,25.44161101266201,25.093988695470642,25.68311864327876,24.62643362897452,25.551574899365697,23.922179203563054,24.53178713777697,24.996334251988095,15.0,20.0,25.0,10.0,35.0,20.0,0.0008321616100918183,-1.0,-1.0,5.832919254050789,0.0015414537044450038,-1.0,-1.0,0.0015943617422546073,7.100840887983986e+194,2.2422690824703167e+219,2.513131035899557e+180,1.037587054092569e+243,5.81848597516059e+180,3.2893069012847286e+161,2.1472008420036142e+185,3.9839005588555545e-08,7.100840887983986e+194,2.2422690824703167e+219,2.513131035899557e+180,1.037587054092569e+243,5.81848597516059e+180,3.2893069012847286e+161,2.1472008420036142e+185,3.9839005588555545e-08,0.001677197098798474,-1.0,0.306363250501448,0.360964656861914,0.002459471876362251,-1.0,-1.0,0.0026584267236095804,0.08337525485670867,-0.00988309598831226,-0.3059298776000177,-0.08621777334892038,0.0004353857901695054,-0.02325797248721859,-0.32958057229160964,-0.1592074552234994
0-1-2-3,25.524986267518717,25.08410559948233,25.377188765678742,24.5402158556256,25.552010285155866,23.898921231075835,24.202206565485362,24.837126796764597,15.0,20.0,25.0,10.0,35.0,20.0,0.0008212807590862338,9.77463569995737,-1.0,10.312318068892564,0.0015319601190827792,-1.0,-1.0,0.0015973051098608076,6.29721802817046e-310,6.2974173523182e-310,6.29721802817046e-310,2.197958183358424,3.16e-322,-1.0000000000000568,6.2974173714247e-310,0.0,0.0008158444126989384,6.410918913996099,-1.0,-1.0,0.0015253174198779401,-1.0,-1.0,0.001598690613980614,0.1683438174056686,-1.0,-1.0,0.3389699353773186,-1.0,-1.0,0.6971507144848926,0.00807967078293826,0.08606517539817965,-0.009666144609337728,-0.30426125979984237,-0.07327035492102933,-0.44299795681393755,-0.03469482239988294,-0.3296242576796191,-0.1639403182323046
0-1-2-3,25.611051442916896,25.074439454872994,25.0729275058789,24.466945500704572,25.10901232834193,23.864226408675954,23.872582307805743,24.673186478532294,15.0,20.0,25.0,10.0,35.0,20.0,0.0008321616100918183,-1.0,-1.0,5.832919254050789,0.0015414537044450038,-1.0,-1.0,0.0015943617422546073,7.100840887983986e+194,2.2422690824703167e+219,2.513131035899557e+180,1.037587054092569e+243,5.81848597516059e+180,3.2893069012847286e+161,2.1472008420036142e+185,3.9839005588555545e-08,7.100840887983986e+194,2.2422690824703167e+219,2.513131035899557e+180,1.037587054092569e+243,5.81848597516059e+180,3.2893069012847286e+161,2.1472008420036142e+185,3.9839005588555545e-08,0.001677197098798474,-1.0,0.306363250501448,0.360964656861914,0.002459471876362251,-1.0,-1.0,0.0026584267236095804,0.07606733723560075,-0.011440851686118856,-0.3076907909636742,-0.0855988725578946,-0.2112049382571211,-0.037399371959441124,-0.3300013811943261,-0.16571018887776673
0-1-2-3,25.687118780152495,25.062998603186877,24.765236714915225,24.381346628146677,24.897807390084807,23.826827036716512,23.542580926611418,24.507476289654527,15.0,20.0,25.0,10.0,35.0,20.0,0.0008212807590862338,9.77463569995737,-1.0,10.312318068892564,0.0015319601190827792,-1.0,-1.0,0.0015973051098608076,6.29721802817046e-310,6.2974173523182e-310,6.29721802817046e-310,2.197958183358424,3.16e-322,-1.0000000000000568,6.2974173714247e-310,0.0,0.0008158444126989384,6.410918913996099,-1.0,-1.0,0.0015253174198779401,-1.0,-1.0,0.001598690613980614,0.1683438174056686,-1.0,-1.0,0.3389699353773186,-1.0,-1.0,0.6971507144848926,0.00807967078293826,0.07329578464578601,-0.011909192087852877,-0.3093734024739141,-0.09029057576219504,-0.27261406981562153,-0.03962751483176078,-0.32994257771904345,-0.16653271726611574
0-1-2-3,25.760414564798282,25.051089411099024,24.455863312441313,24.29105605238448,24.625193320269187,23.78719952188475,23.212638348892373,24.34094357238841,15.0,20.0,25.0,10.0,35.0,20.0,0.0008321616100918183,-1.0,-1.0,5.832919254050789,0.0015414537044450038,-1.0,-1.0,0.0015943617422546073,7.100840887983986e+194,2.2422690824703167e+219,2.513131035899557e+180,1.037587054092569e+243,5.81848597516059e+180,3.2893069012847286e+161,2.1472008420036142e+185,3.9839005588555545e-08,7.100840887983986e+194,2.2422690824703167e+219,2.513131035899557e+180,1.037587054092569e+243,5.81848597516059e+180,3.2893069012847286e+161,2.1472008420036142e+185,3.9839005588555545e-08,0.001677197098798474,-1.0,0.306363250501448,0.360964656861914,0.002459471876362251,-1.0,-1.0,0.0026584267236095804,0.07188635715821919,-0.012147285281913731,-0.3101816031791614,-0.09022239884562949,-0.3352541186623432,-0.042957623246699744,-0.32992064726379394,-0.16698607930944814
0-1-2-3,25.832300921956502,25.038942125817112,24.145681709262153,24.20083365353885,24.289939201606842,23.74424189863805,22.88271770162858,24.173957493078962,15.0,20.0,25.0,10.0,35.0,20.0,0.0008212807590862338,9.77463569995737,-1.0,10.312318068892564,0.0015319601190827792,-1.0,-1.0,0.0015973051098608076,6.29721802817046e-310,6.2974173523182e-310,6.29721802817046e-310,2.197958183358424,3.16e-322,-1.0000000000000568,6.2974173714247e-310,0.0,0.0008158444126989384,6.410918913996099,-1.0,-1.0,0.0015253174198779401,-1.0,-1.0,0.001598690613980614,0.1683438174056686,-1.0,-1.0,0.3389699353773186,-1.0,-1.0,0.6971507144848926,0.00807967078293826,0.07140266466803592,-0.012213446615695137,-0.3119264216263204,-0.13704370568970234,-0.39583676397299483,-0.04912954240481951,-0.32931078817714476,-0.16533101830750047
0-1-2-3,25.903703586624538,25.026728679201415,23.83375528763583,24.06378994784915,23.894102437633848,23.69511235623323,22.553406913451433,24.00862647477146,15.0,20.0,25.0,10.0,35.0,20.0,0.0008321616100918183,-1.0,-1.0,5.832919254050789,0.0015414537044450038,-1.0,-1.0,0.0015943617422546073,7.100840887983986e+194,2.2422690824703167e+219,2.513131035899557e+180,1.037587054092569e+243,5.81848597516059e+180,3.2893069012847286e+161,2.1472008420036142e+185,3.9839005588555545e-08,7.100840887983986e+194,2.2422690824703167e+219,2.513131035899557e+180,1.037587054092569e+243,5.81848597516059e+180,3.2893069012847286e+161,2.1472008420036142e+185,3.9839005588555545e-08,0.001677197098798474,-1.0,0.306363250501448,0.360964656861914,0.002459471876362251,-1.0,-1.0,0.0026584267236095804,0.07125737366930374,-0.012227782559518372,-0.312518590525374,-0.137003284857168,-0.48367269180943734,-0.07007073071033972,-0.3297407995939095,-0.16548451645181064
0-1-2-3,25.974960960293842,25.0145008966419,23.521236697110457,23.92678666299198,23.41042974582441,23.62504162552289,22.223666113857522,23.84314195831965,15.0,20.0,25.0,10.0,35.0,20.0,0.0008212807590862338,9.77463569995737,-1.0,10.312318068892564,0.0015319601190827792,-1.0,-1.0,0.0015973051098608076,6.29721802817046e-310,6.2974173523182e-310,6.29721802817046e-310,2.197958183358424,3.16e-322,-1.0000000000000568,6.2974173714247e-310,0.0,0.0008158444126989384,6.410918913996099,-1.0,-1.0,0.0015253174198779401,-1.0,-1.0,0.001598690613980614,0.1683438174056686,-1.0,-1.0,0.3389699353773186,-1.0,-1.0,0.6971507144848926,0.00807967078293826,0.07116046323168983,-0.012238946326701064,-0.31018215981060426,-0.13808690428181553,0.014783489876570076,-0.026219381072497727,-0.33076765965811966,-0.1656037585682651
0-1-2-3,26.04612142352553,25.002261950315198,23.21105453729985,23.788699758710163,23.42521323570098,23.598822244450393,21.892898454199404,23.677538199751382,15.0,20.0,25.0,10.0,35.0,20.0,0.0008321616100918183,-1.0,-1.0,5.832919254050789,0.0015414537044450038,-1.0,-1.0,0.0015943617422546073,7.100840887983986e+194,2.2422690824703167e+219,2.513131035899557e+180,1.037587054092569e+243,5.81848597516059e+180,3.2893069012847286e+161,2.1472008420036142e+185,3.9839005588555545e-08,7.100840887983986e+194,2.2422690824703167e+219,2.513131035899557e+180,1.037587054092569e+243,5.81848597516059e+180,3.2893069012847286e+161,2.1472008420036142e+185,3.9839005588555545e-08,0.001677197098798474,-1.0,0.306363250501448,0.360964656861914,0.002459471876362251,-1.0,-1.0,0.0026584267236095804,0.07112147942579897,-0.012243444157425436,-0.3113706439041002,-0.1370343215144029,-0.5928185699743895,-0.10600048586287057,-0.3290961155693339,-0.16573957469609885
0-1-2-3,26.11724290295133,24.99001850615777,22.89968389339575,23.65166543719576,22.83239466572659,23.49282175858752,21.56380233863007,23.511798625055285,15.0,20.0,25.0,10.0,35.0,20.0,0.0008212807590862338,9.77463569995737,-1.0,10.312318068892564,0.0015319601190827792,-1.0,-1.0,0.0015973051098608076,6.29721802817046e-310,6.2974173523182e-310,6.29721802817046e-310,2.197958183358424,3.16e-322,-1.0000000000000568,6.2974173714247e-310,0.0,0.0008158444126989384,6.410918913996099,-1.0,-1.0,0.0015253174198779401,-1.0,-1.0,0.001598690613980614,0.1683438174056686,-1.0,-1.0,0.3389699353773186,-1.0,-1.0,0.6971507144848926,0.00807967078293826,0.07106845122769244,-0.012249557485855942,-0.3109381874579116,-0.13839011753294375,0.07467731658905524,-0.03128404724726146,-0.33036420875463574,-0.16582585064156544
0-1-2-3,26.18831135417902,24.977768948671915,22.58874570593784,23.513275319662817,22.907071982315646,23.46153771134026,21.233438129875434,23.34597277441372,15.0,20.0,25.0,10.0,35.0,20.0,0.0008321616100918183,-1.0,-1.0,5.832919254050789,0.0015414537044450038,-1.0,-1.0,0.0015943617422546073,7.100840887983986e+194,2.2422690824703167e+219,2.513131035899557e+180,1.037587054092569e+243,5.81848597516059e+180,3.2893069012847286e+161,2.1472008420036142e+185,3.9839005588555545e-08,7.100840887983986e+194,2.2422690824703167e+219,2.513131035899557e+180,1.037587054092569e+243,5.81848597516059e+180,3.2893069012847286e+161,2.1472008420036142e+185,3.9839005588555545e-08,0.001677197098798474,-1.0,0.306363250501448,0.360964656861914,0.002459471876362251,-1.0,-1.0,0.0026584267236095804,0.07105054895630539,-0.01225163119127035,-0.3121361710088322,-0.13698963311247095,-0.7010659180443888,-0.4152198526782141,-0.32670350305646795,-0.16572496355505403
0-1-2-3,26.259361903135325,24.965517317480646,22.27660953492901,23.376285686550347,22.206006064271257,23.046317858662047,20.906734626818967,23.180247810858667,15.0,20.0,25.0,10.0,35.0,20.0,0.0008212807590862338,9.77463569995737,-1.0,10.312318068892564,0.0015319601190827792,-1.0,-1.0,0.0015973051098608076,6.29721802817046e-310,6.2974173523182e-310,6.29721802817046e-310,2.197958183358424,3.16e-322,-1.0000000000000568,6.2974173714247e-310,0.0,0.0008158444126989384,6.410918913996099,-1.0,-1.0,0.0015253174198779401,-1.0,-1.0,0.001598690613980614,0.1683438174056686,-1.0,-1.0,0.3389699353773186,-1.0,-1.0,0.6971507144848926,0.00807967078293826,0.07101644046088328,-0.012255513562423586,-0.31028951566254176,-0.1380456212139149,0.01251642381622906,-0.02453154292381864,-0.33015245719510755,-0.1659942118857156
0-1-2-3,26.33037834359621,24.953261803918224,21.966320019266465,23.23824006533643,22.218522488087487,23.02178631573823,20.576582169623858,23.014253598972953,15.0,20.0,25.0,10.0,35.0,20.0,0.0008321616100918183,-1.0,-1.0,5.832919254050789,0.0015414537044450038,-1.0,-1.0,0.0015943617422546073,7.100840887983986e+194,2.2422690824703167e+219,2.513131035899557e+180,1.037587054092569e+243,5.81848597516059e+180,3.2893069012847286e+161,2.1472008420036142e+185,3.9839005588555545e-08,7.100840887983986e+194,2.2422690824703167e+219,2.513131035899557e+180,1.037587054092569e+243,5.81848597516059e+180,3.2893069012847286e+161,2.1472008420036142e+185,3.9839005588555545e-08,0.001677197098798474,-1.0,0.306363250501448,0.360964656861914,0.002459471876362251,-1.0,-1.0,0.0026584267236095804,0.07100539433076579,-0.012256776056532262,-0.31232426575586725,-0.13697708285447474,-0.6935236058556657,-0.4256474891043642,-0.3267094764979681,-0.16579009240547488
0-1-2-3,26.401383737926974,24.941005027861692,21.6539957535106,23.101262982481956,21.52499888223182,22.596138826633865,20.24987269312589,22.848463506567477,15.0,20.0,25.0,10.0,35.0,20.0,0.0008212807590862338,9.77463569995737,-1.0,10.312318068892564,0.0015319601190827792,-1.0,-1.0,0.0015973051098608076,6.29721802817046e-310,6.2974173523182e-310,6.29721802817046e-310,2.197958183358424,3.16e-322,-1.0000000000000568,6.2974173714247e-310,0.0,0.0008158444126989384,6.410918913996099,-1.0,-1.0,0.0015253174198779401,-1.0,-1.0,0.001598690613980614,0.1683438174056686,-1.0,-1.0,0.3389699353773186,-1.0,-1.0,0.6971507144848926,0.00807967078293826,0.07098639468110246,-0.012258932215905695,-0.3101683793154677,-0.13797382384185417,2.6112601650980454e-05,-0.023355798143698973,-0.3302004881092978,-0.16613935421464682
0-1-2-3,26.472370132608077,24.928746095645785,21.343827374195133,22.9632891586401,21.525024994833473,22.572783028490168,19.919672205016592,22.68232415235283,15.0,20.0,25.0,10.0,35.0,20.0,0.0008321616100918183,-1.0,-1.0,5.832919254050789,0.0015414537044450038,-1.0,-1.0,0.0015943617422546073,7.100840887983986e+194,2.2422690824703167e+219,2.513131035899557e+180,1.037587054092569e+243,5.81848597516059e+180,3.2893069012847286e+161,2.1472008420036142e+185,3.9839005588555545e-08,7.100840887983986e+194,2.2422690824703167e+219,2.513131035899557e+180,1.037587054092569e+243,5.81848597516059e+180,3.2893069012847286e+161,2.1472008420036142e+185,3.9839005588555545e-08,0.001677197098798474,-1.0,0.306363250501448,0.360964656861914,0.002459471876362251,-1.0,-1.0,0.0026584267236095804,0.07098023135817223,-0.01225973609259101,-0.31270998547671147,-0.136954315931646,-0.49841582756987507,-0.05610421532441829,-0.3288718387086096,-0.1662281708357
0-1-2-3,26.54335036396625,24.916486359553193,21.03111738871842,22.826334842708455,21.026609167263597,22.51667881316575,19.59080036630798,22.51609598151713,15.0,20.0,25.0,10.0,35.0,20.0,0.0008212807590862338,9.77463569995737,-1.0,10.312318068892564,0.0015319601190827792,-1.0,-1.0,0.0015973051098608076,6.29721802817046e-310,6.2974173523182e-310,6.29721802817046e-310,2.197958183358424,3.16e-322,-1.0000000000000568,6.2974173714247e-310,0.0,0.0008158444126989384,6.410918913996099,-1.0,-1.0,0.0015253174198779401,-1.0,-1.0,0.001598690613980614,0.1683438174056686,-1.0,-1.0,0.3389699353773186,-1.0,-1.0,0.6971507144848926,0.00807967078293826,0.07097342781147584,-0.012260942793377526,-0.3103656323157857,-0.13806575280812633,0.019040644717703167,-0.47871254648676526,-0.3267036597774524,-0.1656404230995482
0-1-2-3,26.61432379177773,24.904225416759814,20.720751756402635,22.688269089900327,21.0456498119813,22.037966266678986,19.26409670653053,22.35045555841758,15.0,20.0,25.0,10.0,35.0,20.0,0.0008321616100918183,-1.0,-1.0,5.832919254050789,0.0015414537044450038,-1.0,-1.0,0.0015943617422546073,7.100840887983986e+194,2.2422690824703167e+219,2.513131035899557e+180,1.037587054092569e+243,5.81848597516059e+180,3.2893069012847286e+161,2.1472008420036142e+185,3.9839005588555545e-08,7.100840887983986e+194,2.2422690824703167e+219,2.513131035899557e+180,1.037587054092569e+243,5.81848597516059e+180,3.2893069012847286e+161,2.1472008420036142e+185,3.9839005588555545e-08,0.001677197098798474,-1.0,0.306363250501448,0.360964656861914,0.002459471876362251,-1.0,-1.0,0.0026584267236095804,0.07096932195004806,-0.012261682767457453,-0.3118096367073199,-0.13698318214520802,-0.430285295554448,-0.029884938032646583,-0.328337150432497,-0.16635759243359274
0-1-2-3,26.685293113727777,24.891963733992355,20.408942119695315,22.55128590775512,20.61536451642685,22.008081328646337,18.935759556098034,22.184097965983987,15.0,20.0,25.0,10.0,35.0,20.0,0.0008212807590862338,9.77463569995737,-1.0,10.312318068892564,0.0015319601190827792,-1.0,-1.0,0.0015973051098608076,6.29721802817046e-310,6.2974173523182e-310,6.29721802817046e-310,2.197958183358424,3.16e-322,-1.0000000000000568,6.2974173714247e-310,0.0,0.0008158444126989384,6.410918913996099,-1.0,-1.0,0.0015253174198779401,-1.0,-1.0,0.001598690613980614,0.1683438174056686,-1.0,-1.0,0.3389699353773186,-1.0,-1.0,0.6971507144848926,0.00807967078293826,0.07096659519408476,-0.0122621605106601,-0.3120895777729785,-0.13697851234949582,-0.45469403437828604,-0.03807154173974866,-0.3286481628139523,-0.16641015525794906
0-1-2-3,26.756259708921863,24.879701573481697,20.096852541922335,22.414307395405622,20.160670482048566,21.970009786906587,18.607111393284082,22.017687810726038,15.0,20.0,25.0,10.0,35.0,20.0,0.0008321616100918183,-1.0,-1.0,5.832919254050789,0.0015414537044450038,-1.0,-1.0,0.0015943617422546073,7.100840887983986e+194,2.2422690824703167e+219,2.513131035899557e+180,1.037587054092569e+243,5.81848597516059e+180,3.2893069012847286e+161,2.1472008420036142e+185,3.9839005588555545e-08,7.100840887983986e+194,2.2422690824703167e+219,2.513131035899557e+180,1.037587054092569e+243,5.81848597516059e+180,3.2893069012847286e+161,2.1472008420036142e+185,3.9839005588555545e-08,0.001677197098798474,-1.0,0.306363250501448,0.360964656861914,0.002459471876362251,-1.0,-1.0,0.0026584267236095804,0.07096616804300233,-0.012262215382792496,-0.31261147045903354,-0.1369667302416175,-0.4968082777200097,-0.05322222226196783,-0.32908413968325656,-0.1664578456712138
0-1-2-3,26.827225876964867,24.867439358098903,19.784241071463303,22.277340665164004,19.663862204328556,21.91678756464462,18.278027253600825,21.851229965054824,15.0,20.0,25.0,10.0,35.0,20.0,0.0008212807590862338,9.77463569995737,-1.0,10.312318068892564,0.0015319601190827792,-1.0,-1.0,0.0015973051098608076,6.29721802817046e-310,6.2974173523182e-310,6.29721802817046e-310,2.197958183358424,3.16e-322,-1.0000000000000568,6.2974173714247e-310,0.0,0.0008158444126989384,6.410918913996099,-1.0,-1.0,0.0015253174198779401,-1.0,-1.0,0.001598690613980614,0.1683438174056686,-1.0,-1.0,0.3389699353773186,-1.0,-1.0,0.6971507144848926,0.00807967078293826,0.07096579132877433,-0.012262269275621013,-0.3102645915217282,-0.13803322323437972,0.01055880809150515,-0.5033261638955328,-0.32671997901237726,-0.16570681809766605
0-1-2-3,26.89819166829364,24.855177088823282,19.473976479941573,22.139307441929624,19.674421012420062,21.413461400749085,17.951307274588448,21.68552314695716,15.0,20.0,25.0,10.0,35.0,20.0,0.0008321616100918183,-1.0,-1.0,5.832919254050789,0.0015414537044450038,-1.0,-1.0,0.0015943617422546073,7.100840887983986e+194,2.2422690824703167e+219,2.513131035899557e+180,1.037587054092569e+243,5.81848597516059e+180,3.2893069012847286e+161,2.1472008420036142e+185,3.9839005588555545e-08,7.100840887983986e+194,2.2422690824703167e+219,2.513131035899557e+180,1.037587054092569e+243,5.81848597516059e+180,3.2893069012847286e+161,2.1472008420036142e+185,3.9839005588555545e-08,0.001677197098798474,-1.0,0.306363250501448,0.360964656861914,0.002459471876362251,-1.0,-1.0,0.0026584267236095804,0.07096552919283544,-0.012262319950087674,-0.3117800911402799,-0.13700226448231198,-0.4335222217808444,-0.029223440648655633,-0.328522290923118,-0.16657263688083848
0-1-2-3,26.969157197486478,24.842914768873193,19.162196388801295,22.00230517744731,19.240898790639218,21.384237960100428,17.62278498366533,21.51895051007632,15.0,20.0,25.0,10.0,35.0,20.0,0.0008212807590862338,9.77463569995737,-1.0,10.312318068892564,0.0015319601190827792,-1.0,-1.0,0.0015973051098608076,6.29721802817046e-310,6.2974173523182e-310,6.29721802817046e-310,2.197958183358424,3.16e-322,-1.0000000000000568,6.2974173714247e-310,0.0,0.0008158444126989384,6.410918913996099,-1.0,-1.0,0.0015253174198779401,-1.0,-1.0,0.001598690613980614,0.1683438174056686,-1.0,-1.0,0.3389699353773186,-1.0,-1.0,0.6971507144848926,0.00807967078293826,0.07096525199092639,-0.012262371994716095,-0.31198937183244824,-0.13700563138472632,-0.4525481496369646,-0.03560540327080414,-0.32887702174638467,-0.16661779016269015
0-1-2-3,27.040122449477405,24.830652396878477,18.850207016968845,21.865299546062584,18.788350641002253,21.348632556829624,17.293907961918944,21.35233271991363,15.0,20.0,25.0,10.0,35.0,20.0,0.0008321616100918183,-1.0,-1.0,5.832919254050789,0.0015414537044450038,-1.0,-1.0,0.0015943617422546073,7.100840887983986e+194,2.2422690824703167e+219,2.513131035899557e+180,1.037587054092569e+243,5.81848597516059e+180,3.2893069012847286e+161,2.1472008420036142e+185,3.9839005588555545e-08,7.100840887983986e+194,2.2422690824703167e+219,2.513131035899557e+180,1.037587054092569e+243,5.81848597516059e+180,3.2893069012847286e+161,2.1472008420036142e+185,3.9839005588555545e-08,0.001677197098798474,-1.0,0.306363250501448,0.360964656861914,0.002459471876362251,-1.0,-1.0,0.0026584267236095804,0.0709650026600549,-0.012262423918679112,-0.3101513506637754,-0.13801858302468567,0.00017068372300838678,-0.021525585620420055,-0.3293530672390546,-0.16666074132370418
0-1-2-3,27.11108745213746,24.8183899729598,18.54005566630507,21.7272809630379,18.788521324725263,21.327106971209204,16.96455489467989,21.185671978589927,15.0,20.0,25.0,10.0,35.0,20.0,0.0008212807590862338,9.77463569995737,-1.0,10.312318068892564,0.0015319601190827792,-1.0,-1.0,0.0015973051098608076,6.29721802817046e-310,6.2974173523182e-310,6.29721802817046e-310,2.197958183358424,3.16e-322,-1.0000000000000568,6.2974173714247e-310,0.0,0.0008158444126989384,6.410918913996099,-1.0,-1.0,0.0015253174198779401,-1.0,-1.0,0.001598690613980614,0.1683438174056686,-1.0,-1.0,0.3389699353773186,-1.0,-1.0,0.6971507144848926,0.00807967078293826,0.07096484151934551,-0.01226247361946562,-0.31248351463339413,-0.13701837627285826,-0.5688401620807428,-0.3442617025742322,-0.3268074861493634,-0.166397512077934
0-1-2-3,27.182052293656806,24.806127499340334,18.227572151671673,21.59026258676504,18.21968116264452,20.98284526863497,16.637747408530526,21.01927446651199,15.0,20.0,25.0,10.0,35.0,20.0,0.0008321616100918183,-1.0,-1.0,5.832919254050789,0.0015414537044450038,-1.0,-1.0,0.0015943617422546073,7.100840887983986e+194,2.2422690824703167e+219,2.513131035899557e+180,1.037587054092569e+243,5.81848597516059e+180,3.2893069012847286e+161,2.1472008420036142e+185,3.9839005588555545e-08,7.100840887983986e+194,2.2422690824703167e+219,2.513131035899557e+180,1.037587054092569e+243,5.81848597516059e+180,3.2893069012847286e+161,2.1472008420036142e+185,3.9839005588555545e-08,0.001677197098798474,-1.0,0.306363250501448,0.360964656861914,0.002459471876362251,-1.0,-1.0,0.0026584267236095804,0.07096460359286767,-0.012262526932258126,-0.31009101185096166,-0.13804240609261711,-0.002213973612521544,-0.02074945098588864,-0.32907875561218386,-0.16676949338998204
0-1-2-3,27.253016897249672,24.793864972408077,17.917481139820712,21.452220180672423,18.217467189031996,20.962095817649082,16.308668652918342,20.85250497312201,15.0,20.0,25.0,10.0,35.0,20.0,0.0008212807590862338,9.77463569995737,-1.0,10.312318068892564,0.0015319601190827792,-1.0,-1.0,0.0015973051098608076,6.29721802817046e-310,6.2974173523182e-310,6.29721802817046e-310,2.197958183358424,3.16e-322,-1.0000000000000568,6.2974173714247e-310,0.0,0.0008158444126989384,6.410918913996099,-1.0,-1.0,0.0015253174198779401,-1.0,-1.0,0.001598690613980614,0.1683438174056686,-1.0,-1.0,0.3389699353773186,-1.0,-1.0,0.6971507144848926,0.00807967078293826,0.07096446637354703,-0.01226257762790765,-0.3120845876006361,-0.13707782854399725,-0.5185481401803278,-0.31495140863551024,-0.3269005786917119,-0.16654468927107555
0-1-2-3,27.32398136362322,24.78160239478017,17.605396552220075,21.315142352128426,17.698919048851668,20.64714440901357,15.98176807422663,20.685960283850935,15.0,20.0,25.0,10.0,35.0,20.0,0.0008321616100918183,-1.0,-1.0,5.832919254050789,0.0015414537044450038,-1.0,-1.0,0.0015943617422546073,7.100840887983986e+194,2.2422690824703167e+219,2.513131035899557e+180,1.037587054092569e+243,5.81848597516059e+180,3.2893069012847286e+161,2.1472008420036142e+185,3.9839005588555545e-08,7.100840887983986e+194,2.2422690824703167e+219,2.513131035899557e+180,1.037587054092569e+243,5.81848597516059e+180,3.2893069012847286e+161,2.1472008420036142e+185,3.9839005588555545e-08,0.001677197098798474,-1.0,0.306363250501448,0.360964656861914,0.002459471876362251,-1.0,-1.0,0.0026584267236095804,0.07096427369804184,-0.012262631232556985,-0.31185694971438915,-0.13712222258721865,-0.4528110071751073,-0.0330939652385215,-0.32885908709703976,-0.1669183538625357
0-1-2-3,27.39494563732126,24.769339763547613,17.293539602505685,21.178020129541206,17.24610804167656,20.61405044377505,15.65290898712959,20.5190419299884,15.0,20.0,25.0,10.0,35.0,20.0,0.0008212807590862338,9.77463569995737,-1.0,10.312318068892564,0.0015319601190827792,-1.0,-1.0,0.0015973051098608076,6.29721802817046e-310,6.2974173523182e-310,6.29721802817046e-310,2.197958183358424,3.16e-322,-1.0000000000000568,6.2974173714247e-310,0.0,0.0008158444126989384,6.410918913996099,-1.0,-1.0,0.0015253174198779401,-1.0,-1.0,0.001598690613980614,0.1683438174056686,-1.0,-1.0,0.3389699353773186,-1.0,-1.0,0.6971507144848926,0.00807967078293826,0.0709641146982075,-0.012262684631424258,-0.3099888629753358,-0.13817267923104146,0.0013591101631798702,-0.4008303878174268,-0.3273535469799754,-0.166428845308942
0-1-2-3,27.465909752019467,24.75707707891619,16.98355073953035,21.039847450310166,17.24746715183974,20.213220055957624,15.325555440149616,20.352613084679458,15.0,20.0,25.0,10.0,35.0,20.0,0.0008158444126989384,6.410918913996099,-1.0,-1.0,0.0015253174198779401,-1.0,-1.0,0.001598690613980614,5e-324,5.2566326259932e-310,4e-323,5e-324,5.25662903565847e-310,4e-323,5e-324,5.256624500626e-310,0.0008268025220627017,-1.0,-1.0,6.142077729528502,0.0015386045510850776,-1.0,-1.0,0.0015953704426553777,6.29721802814516e-310,6.2974173523197e-310,6.29721802814516e-310,0.3193637798685814,2.525e-321,-1.0000000000000568,6.2974173714247e-310,0.0,0.07096398903430834,-0.012262737862563997,-0.31158753556725627,-0.13726623015788403,-0.4366781370705909,-0.026671249377194898,-0.3301378503752232,-0.16708974918581812
0-1-2-3,27.536873741053775,24.744814341053626,16.671963203963095,20.902581220152282,16.81078901476915,20.18654880658043,14.995417589774393,20.185523335493638,15.0,20.0,25.0,10.0,35.0,20.0,0.15391810967864947,-1.0000000000000566,-1.0,0.5065216099118742,0.0022269133360123257,-1.0,-1.0,0.0024391222973092486,4e-323,5e-324,5.2566326641857e-310,4e-323,5e-324,5.25663262308103e-310,4e-323,5e-324,6.29721802819575e-310,6.2974173523182e-310,6.29721802819575e-310,-1.0000000000000002,1.265e-321,-1.0000000000000568,6.2974173714247e-310,0.0,6.29721802817046e-310,-1.0000000000000002,2.525e-321,-1.0000000000000568,6.2974173714247e-310,0.0,0.0,0.007941800169698084,0.07096385009735037,-0.01226279259485297,-0.31168945271962023,-0.13739464929197992,-0.48991117102806553,-0.3362323845130609,-0.3260013614764412,-0.1455031814354959
0-1-2-3,27.607837591151124,24.732551548458773,16.360273751243476,20.7651865708603,16.320877843741084,19.85031642206737,14.669416228297951,20.04002015405814,15.0,20.0,25.0,10.0,35.0,20.0,0.0008158444126989384,6.410918913996099,-1.0,-1.0,0.0015253174198779401,-1.0,-1.0,0.001598690613980614,5e-324,5.2566326259932e-310,4e-323,5e-324,5.25662903565847e-310,4e-323,5e-324,5.256624500626e-310,0.0008268025220627017,-1.0,-1.0,6.142077729528502,0.0015386045510850776,-1.0,-1.0,0.0015953704426553777,6.29721802814516e-310,6.2974173523197e-310,6.29721802814516e-310,0.3193637798685814,2.525e-321,-1.0000000000000568,6.2974173714247e-310,0.0,0.07096370916105402,-0.012262848458785926,-0.3095208024778471,-0.13859577164576461,-0.21093215298957763,-0.01651876352315238,-0.32828019112964485,-0.15584517945723153
0-1-2-3,27.678801300312177,24.720288699999987,16.050752948765627,20.626590799214537,16.109945690751506,19.833797658544217,14.341136037168306,19.88417497460091,15.0,20.0,25.0,10.0,35.0,20.0,0.15391810967864947,-1.0000000000000566,-1.0,0.5065216099118742,0.0022269133360123257,-1.0,-1.0,0.0024391222973092486,4e-323,5e-324,5.2566326641857e-310,4e-323,5e-324,5.25663262308103e-310,4e-323,5e-324,6.29721802819575e-310,6.2974173523182e-310,6.29721802819575e-310,-1.0000000000000002,1.265e-321,-1.0000000000000568,6.2974173714247e-310,0.0,6.29721802817046e-310,-1.0000000000000002,2.525e-321,-1.0000000000000568,6.2974173714247e-310,0.0,0.0,0.007941800169698084,0.07096359873324457,-0.012262904337640474,-0.3114020607012958,-0.1380629422240082,-0.45692175003185426,-0.021761421779130798,-0.29832834177387185,-0.1572956406562695
0-1-2-3,27.74976489904542,24.708025795662348,15.739350888064331,20.48852785699053,15.65302394071965,19.812036236765085,14.042807695394435,19.72687933394464,15.0,20.0,25.0,10.0,35.0,20.0,0.0008158444126989384,6.410918913996099,-1.0,-1.0,0.0015253174198779401,-1.0,-1.0,0.001598690613980614,5e-324,5.2566326259932e-310,4e-323,5e-324,5.25662903565847e-310,4e-323,5e-324,5.256624500626e-310,0.0008268025220627017,-1.0,-1.0,6.142077729528502,0.0015386045510850776,-1.0,-1.0,0.0015953704426553777,6.29721802814516e-310,6.2974173523197e-310,6.29721802814516e-310,0.3193637798685814,2.525e-321,-1.0000000000000568,6.2974173714247e-310,0.0,0.07096348087753887,-0.012262961597279482,-0.3078193987822912,-0.15984438705603712,0.0002015942168027767,-0.3427474512647784,-0.2958227213667514,-0.15680135820339813
0-1-2-3,27.820728379922958,24.695762834065068,15.43153148928204,20.328683469934493,15.653225534936453,19.469288785500307,13.746984974027685,19.570077975741242,15.0,20.0,25.0,10.0,35.0,20.0,6.29721802819575e-310,6.2974173523182e-310,6.29721802819575e-310,-1.0000000000000002,1.265e-321,-1.0000000000000568,6.2974173714247e-310,0.0,6.29721802817046e-310,-1.0000000000000002,2.525e-321,-1.0000000000000568,6.2974173714247e-310,0.0,0.0,0.007941800169698084,6.29721802814516e-310,6.2974173523182e-310,6.29721802814516e-310,-1.0000000000000002,3.16e-322,2.1250000000001137,6.2974173714247e-310,0.0,5.25663261685976e-310,6.29741304142626e-310,5.25663266615723e-310,-1.000000000014495,3.16e-322,-1.0,0.0,0.0,0.07096338217900473,-0.012263019331388734,-0.30493622691939043,-0.16344367748103306,-0.4587775249915751,-0.01959861491148616,-0.297339087714028,-0.15743721944184927
0-1-2-3,27.891691762101964,24.68349981473368,15.12659526236265,20.16523979245346,15.194448009944878,19.44969017058882,13.449645886313657,19.412640756299393,15.0,20.0,25.0,10.0,35.0,20.0,0.1516741827927053,-1.0000000000000566,-1.0,0.899907371002139,0.002134595273211692,-1.0,-1.0,0.0023224592134138966,6.29721802819575e-310,-1.0000000000000002,2.525e-321,-1.0000000000000568,6.2974173714247e-310,0.0,0.0,0.07819799044597187,0.0008265759881167672,9.607997785728033,-1.0000000000000566,7.130713655231653,0.001534832673364055,-1.0,-1.0,0.001596538547757746,4e-323,5e-324,5.2566326641857e-310,4e-323,5e-324,5.25663262308103e-310,4e-323,5e-324,0.07096327217985453,-0.012263078644170143,-0.2634118438353882,-0.19609028429836853,-0.5330914332220487,-0.2927099196477001,-0.2959387396010182,-0.15696025074699102
0-1-2-3,27.962655034281816,24.671236736089508,14.863183418527262,19.96914950815509,14.661356576722829,19.15698025094112,13.15370714671264,19.2556805055524,15.0,20.0,25.0,10.0,35.0,20.0,0.15285038925038466,-1.0,-1.0,0.7158789617234822,0.0021801222386231577,-1.0,-1.0,0.0023801247806861394,6.29721802817046e-310,6.2974173523182e-310,6.29721802817046e-310,2.2422690824611353e+219,3.16e-322,1.0135381937977864e+243,6.2974173714247e-310,0.0,0.20938266842082862,0.7158789617234822,-1.0,-1.0,0.002346733752705719,-1.0,-1.0,0.002680109543364304,5e-324,5.25663266792955e-310,4e-323,5e-324,5.2566288396449e-310,4e-323,5e-324,5.25662822429997e-310,0.07096316044603408,-0.012263139230745021,-0.36634077211866195,-0.13240600038203704,0.32908133203560663,-0.015194353591769068,-0.2980084124591201,-0.1574569231320539
0-1-2-3,28.03361819472785,24.658973596858765,14.4968426464086,19.836743507773054,14.990437908758436,19.14178589734935,12.855698734253519,19.09822358242035,15.0,20.0,25.0,10.0,35.0,20.0,0.1516741827927053,-1.0000000000000566,-1.0,0.899907371002139,0.002134595273211692,-1.0,-1.0,0.0023224592134138966,6.29721802819575e-310,-1.0000000000000002,2.525e-321,-1.0000000000000568,6.2974173714247e-310,0.0,0.0,0.07819799044597187,0.0008265759881167672,9.607997785728033,-1.0000000000000566,7.130713655231653,0.001534832673364055,-1.0,-1.0,0.001596538547757746,4e-323,5e-324,5.2566326641857e-310,4e-323,5e-324,5.25663262308103e-310,4e-323,5e-324,0.07096308326387935,-0.012263199845877044,-0.31457767066562403,-0.13527798950187894,-0.029813881785113013,-0.25736524673018474,-0.2959734652583015,-0.15721028144752827
0-1-2-3,28.10458127799173,24.64671039701289,14.182264975742976,19.701465518271174,14.960624026973322,18.884420650619166,12.559725268995217,18.94101330097282,15.0,20.0,25.0,10.0,35.0,20.0,0.15285038925038466,-1.0,-1.0,0.7158789617234822,0.0021801222386231577,-1.0,-1.0,0.0023801247806861394,6.29721802817046e-310,6.2974173523182e-310,6.29721802817046e-310,2.2422690824611353e+219,3.16e-322,1.0135381937977864e+243,6.2974173714247e-310,0.0,0.20938266842082862,0.7158789617234822,-1.0,-1.0,0.002346733752705719,-1.0,-1.0,0.002680109543364304,5e-324,5.25663266792955e-310,4e-323,5e-324,5.2566288396449e-310,4e-323,5e-324,5.25662822429997e-310,0.07096275116957172,-0.012263299515304868,-0.31174933561738244,-0.13519273198264495,-0.4922943662585516,-0.016460411605405123,-0.2965731573741516,-0.15741058952072387
0-1-2-3,28.1755440291613,24.634447097497585,13.870515640125594,19.56627278628853,14.46832966071477,18.86796023901376,12.263152111621066,18.783602711452097,15.0,20.0,25.0,10.0,35.0,20.0,6.29721802819575e-310,-1.0000000000000002,2.525e-321,-1.0000000000000568,6.2974173714247e-310,0.0,0.0,0.07819799044597187,0.0008265759881167672,9.607997785728033,-1.0000000000000566,7.130713655231653,0.001534832673364055,-1.0,-1.0,0.001596538547757746,4e-323,5e-324,5.2566326641857e-310,4e-323,5e-324,5.25663262308103e-310,4e-323,5e-324,5e-324,5.2566295670676e-310,4e-323,5e-324,5.25663263657965e-310,4e-323,5e-324,5.2566295589096e-310,0.07096265157311951,-0.0122633632564262,-0.31191278850680026,-0.13519156957137424,-0.5415447564690087,-0.2440061318808948,-0.29600660908993015,-0.15724588400947515
0-1-2-3,28.24650668073442,24.62218373424116,13.558602851618794,19.431081216717153,13.926784904245762,18.623954107132867,11.967145502531135,18.62635682744262,15.0,20.0,25.0,10.0,35.0,20.0,0.15285038925038466,-1.0,-1.0,0.7158789617234822,0.0021801222386231577,-1.0,-1.0,0.0023801247806861394,6.29721802817046e-310,6.2974173523182e-310,6.29721802817046e-310,2.2422690824611353e+219,3.16e-322,1.0135381937977864e+243,6.2974173714247e-310,0.0,0.20938266842082862,0.7158789617234822,-1.0,-1.0,0.002346733752705719,-1.0,-1.0,0.002680109543364304,5e-324,5.25663266792955e-310,4e-323,5e-324,5.2566288396449e-310,4e-323,5e-324,5.25662822429997e-310,0.07096255008980278,-0.012263428418394994,-0.311949208775098,-0.13519112224221325,-0.4830210464992079,-0.01864656986483551,-0.2970063594366874,-0.15739810053470518
0-1-2-3,28.317469230824223,24.60992030582276,13.246653642843695,19.29589009447494,13.443763857746555,18.605307537268033,11.670139143094447,18.468958726907914,15.0,20.0,25.0,10.0,35.0,20.0,6.29721802819575e-310,-1.0000000000000002,2.525e-321,-1.0000000000000568,6.2974173714247e-310,0.0,0.0,0.07819799044597187,0.0008265759881167672,9.607997785728033,-1.0000000000000566,7.130713655231653,0.001534832673364055,-1.0,-1.0,0.001596538547757746,4e-323,5e-324,5.2566326641857e-310,4e-323,5e-324,5.25663262308103e-310,4e-323,5e-324,5e-324,5.2566295670676e-310,4e-323,5e-324,5.25663263657965e-310,4e-323,5e-324,5.2566295589096e-310,0.07096245511386179,-0.012263494742755735,-0.3122228559215895,-0.135189231923279,-0.5459019087735142,-0.34838033753775216,-0.2960032771192615,-0.15696512494315704
0-1-2-3,28.388431685938084,24.597656811080007,12.934430786922105,19.160700862551664,12.897861948973041,18.25692719973028,11.374135865975186,18.31199360196476,15.0,20.0,25.0,10.0,35.0,20.0,6.29721802817046e-310,6.2974173523182e-310,6.29721802817046e-310,2.2422690824611353e+219,3.16e-322,1.0135381937977864e+243,6.2974173714247e-310,0.0,0.20938266842082862,0.7158789617234822,-1.0,-1.0,0.002346733752705719,-1.0,-1.0,0.002680109543364304,5e-324,5.25663266792955e-310,4e-323,5e-324,5.2566288396449e-310,4e-323,5e-324,5.25662822429997e-310,0.0008321616100918183,-1.0,-1.0,5.832919254050789,0.0015414537044450038,-1.0,-1.0,0.0015943617422546073,0.07096235701363059,-0.012263562607228723,-0.3112529621271328,-0.13620660089013195,-0.23800041021174304,-0.015975732815877036,-0.2978513755861107,-0.1573819409714707
0-1-2-3,28.459394042951715,24.58539324847278,12.623177824794972,19.02449426166153,12.659861538761298,18.240951466914403,11.076284490389074,18.154611660993286,15.0,20.0,25.0,10.0,35.0,20.0,6.29721802819575e-310,-1.0000000000000002,2.525e-321,-1.0000000000000568,6.2974173714247e-310,0.0,0.0,0.07819799044597187,0.0008265759881167672,9.607997785728033,-1.0000000000000566,7.130713655231653,0.001534832673364055,-1.0,-1.0,0.001596538547757746,4e-323,5e-324,5.2566326641857e-310,4e-323,5e-324,5.25663262308103e-310,4e-323,5e-324,5e-324,5.2566295670676e-310,4e-323,5e-324,5.25663263657965e-310,4e-323,5e-324,5.2566295589096e-310,0.07096227001732695,-0.012263631550121933,-0.312096137292255,-0.13518945543652675,-0.5443407626924053,-0.4165537355513873,-0.2960008362835053,-0.1567583681842894
0-1-2-3,28.53035631296904,24.573129616922657,12.311081687502718,18.889304806225002,12.115520776068893,17.824397731363014,10.780283654105569,17.997853292808998,15.0,20.0,25.0,10.0,35.0,20.0,0.20938266842082862,0.7158789617234822,-1.0,-1.0,0.002346733752705719,-1.0,-1.0,0.002680109543364304,5e-324,5.25663266792955e-310,4e-323,5e-324,5.2566288396449e-310,4e-323,5e-324,5.25662822429997e-310,0.0008321616100918183,-1.0,-1.0,5.832919254050789,0.0015414537044450038,-1.0,-1.0,0.0015943617422546073,4e-323,5e-324,5.25663266652245e-310,4e-323,5e-324,5.25662964837265e-310,4e-323,5e-324,0.07096217389154248,-0.012263702325007177,-0.3112482207332128,-0.13620024463466002,-0.31904375935805235,-0.016918201384690953,-0.2984561423813043,-0.15737142164829618
0-1-2-3,28.60131848686058,24.56086591459765,11.999833466769505,18.75310456159034,11.79647701671084,17.807479529978323,10.481827511724264,17.8404818711607,15.0,20.0,25.0,10.0,35.0,20.0,6.29721802819575e-310,-1.0000000000000002,2.525e-321,-1.0000000000000568,6.2974173714247e-310,0.0,0.0,0.07819799044597187,0.0008265759881167672,9.607997785728033,-1.0000000000000566,7.130713655231653,0.001534832673364055,-1.0,-1.0,0.001596538547757746,4e-323,5e-324,5.2566326641857e-310,4e-323,5e-324,5.25663262308103e-310,4e-323,5e-324,5e-324,5.2566295670676e-310,4e-323,5e-324,5.25663263657965e-310,4e-323,5e-324,5.2566295589096e-310,0.07096208579123069,-0.012263774369501507,-0.31125226800107064,-0.1362032573828725,-0.26999259964999317,-0.017108823613863934,-0.29858879894907114,-0.1573704935295272
0-1-2-3,28.67228057265181,24.548602140228148,11.688581198768436,18.616901304207467,11.526484417060846,17.79037070636446,10.183238712775193,17.683111377631175,15.0,20.0,25.0,10.0,35.0,20.0,0.20938266842082862,0.7158789617234822,-1.0,-1.0,0.002346733752705719,-1.0,-1.0,0.002680109543364304,5e-324,5.25663266792955e-310,4e-323,5e-324,5.2566288396449e-310,4e-323,5e-324,5.25662822429997e-310,0.0008321616100918183,-1.0,-1.0,5.832919254050789,0.0015414537044450038,-1.0,-1.0,0.0015943617422546073,4e-323,5e-324,5.25663266652245e-310,4e-323,5e-324,5.25662964837265e-310,4e-323,5e-324,0.07096199835075898,-0.012263847986338434,-0.3112583061874975,-0.1362082047512208,-0.0033901641590644294,-0.5246448457633229,-0.29599629226382745,-0.15637594449178285
0-1-2-3,28.74324257100257,24.53633829224181,11.377322892580938,18.480693099456246,11.523094252901782,17.265725860601137,9.887242420511365,17.526735433139393,15.0,20.0,25.0,10.0,35.0,20.0,6.29721802819575e-310,-1.0000000000000002,2.525e-321,-1.0000000000000568,6.2974173714247e-310,0.0,0.0,0.07819799044597187,0.0008265759881167672,9.607997785728033,-1.0000000000000566,7.130713655231653,0.001534832673364055,-1.0,-1.0,0.001596538547757746,4e-323,5e-324,5.2566326641857e-310,4e-323,5e-324,5.25663262308103e-310,4e-323,5e-324,5e-324,5.2566295670676e-310,4e-323,5e-324,5.25663263657965e-310,4e-323,5e-324,5.2566295589096e-310,0.07096191153843752,-0.012263923221168618,-0.311707359103286,-0.13519056474952365,-0.4926303613624448,-0.016761254867203965,-0.297523439448188,-0.15737850637377918
0-1-2-3,28.814204482541005,24.52407436902064,11.065615533477652,18.34550253470672,11.030463891539338,17.24896460573393,9.589718981063177,17.369356926765615,15.0,20.0,25.0,10.0,35.0,20.0,0.20938266842082862,0.7158789617234822,-1.0,-1.0,0.002346733752705719,-1.0,-1.0,0.002680109543364304,5e-324,5.25663266792955e-310,4e-323,5e-324,5.2566288396449e-310,4e-323,5e-324,5.25662822429997e-310,0.0008321616100918183,-1.0,-1.0,5.832919254050789,0.0015414537044450038,-1.0,-1.0,0.0015943617422546073,4e-323,5e-324,5.25663266652245e-310,4e-323,5e-324,5.25662964837265e-310,4e-323,5e-324,0.07096181982992245,-0.012264000314470726,-0.3112499628721274,-0.136198639294714,-0.3272058534588031,-0.01636289282925386,-0.29809130404493833,-0.1573741257327227
0-1-2-3,28.885166302370926,24.51181036870617,10.754365570605525,18.209303895412006,10.703258038080534,17.23260171290468,9.291627677018239,17.211982801032892,15.0,20.0,25.0,10.0,35.0,20.0,6.29721802819575e-310,-1.0000000000000002,2.525e-321,-1.0000000000000568,6.2974173714247e-310,0.0,0.0,0.07819799044597187,0.0008265759881167672,9.607997785728033,-1.0000000000000566,7.130713655231653,0.001534832673364055,-1.0,-1.0,0.001596538547757746,4e-323,5e-324,5.2566326641857e-310,4e-323,5e-324,5.25663262308103e-310,4e-323,5e-324,5e-324,5.2566295670676e-310,4e-323,5e-324,5.25663263657965e-310,4e-323,5e-324,5.2566295589096e-310,0.07096173016119048,-0.01226407906910894,-0.3112538937779459,-0.13620165114238103,-0.015363080930100827,-0.4880934187918873,-0.2959978441142215,-0.15649791143372793
0-1-2-3,28.956128032532117,24.49954628963706,10.443111676827579,18.073102244269624,10.687894957150434,16.74450829411279,8.995629832904017,17.055484889599164,15.0,20.0,25.0,10.0,35.0,20.0,0.20938266842082862,0.7158789617234822,-1.0,-1.0,0.002346733752705719,-1.0,-1.0,0.002680109543364304,5e-324,5.25663266792955e-310,4e-323,5e-324,5.2566288396449e-310,4e-323,5e-324,5.25662822429997e-310,0.0008321616100918183,-1.0,-1.0,5.832919254050789,0.0015414537044450038,-1.0,-1.0,0.0015943617422546073,4e-323,5e-324,5.25663266652245e-310,4e-323,5e-324,5.25662964837265e-310,4e-323,5e-324,0.07096164140410778,-0.012264159573437822,-0.31166694465560857,-0.13522680269249265,-0.49298754665316874,-0.01621079744801068,-0.2973906906795805,-0.15738131617558365
0-1-2-3,29.027089673936224,24.487282130063623,10.131444732171971,17.93787544157713,10.194907410497265,16.72829749666478,8.698239142224436,16.89810357342358,15.0,20.0,25.0,10.0,35.0,20.0,6.29721802819575e-310,-1.0000000000000002,2.525e-321,-1.0000000000000568,6.2974173714247e-310,0.0,0.0,0.07819799044597187,0.0008265759881167672,9.607997785728033,-1.0000000000000566,7.130713655231653,0.001534832673364055,-1.0,-1.0,0.001596538547757746,4e-323,5e-324,5.2566326641857e-310,4e-323,5e-324,5.25663262308103e-310,4e-323,5e-324,5e-324,5.2566295670676e-310,4e-323,5e-324,5.25663263657965e-310,4e-323,5e-324,5.2566295589096e-310,0.07096154807597602,-0.012264242070642868,-0.3117148422564526,-0.1351893765665308,-0.49148844783585277,-0.017109180592636112,-0.2979034930323239,-0.15737866795531305
0-1-2-3,29.0980512220122,24.47501788799298,9.819729889915518,17.8026860650106,9.703418962661413,16.711188316072143,8.400335649192112,16.740724905468266,15.0,20.0,25.0,10.0,35.0,20.0,0.20938266842082862,0.7158789617234822,-1.0,-1.0,0.002346733752705719,-1.0,-1.0,0.002680109543364304,5e-324,5.25663266792955e-310,4e-323,5e-324,5.2566288396449e-310,4e-323,5e-324,5.25662822429997e-310,0.0008321616100918183,-1.0,-1.0,5.832919254050789,0.0015414537044450038,-1.0,-1.0,0.0015943617422546073,4e-323,5e-324,5.25663266652245e-310,4e-323,5e-324,5.25662964837265e-310,4e-323,5e-324,0.07096145405583286,-0.012264326475552497,-0.3112516914039092,-0.1361974368153862,-0.32329930653636574,-0.017202558110712328,-0.2986400781816483,-0.15737525709841868
0-1-2-3,29.169012676068032,24.462753561517427,9.50847819851161,17.666488628195214,9.380119656125046,16.693985757961432,8.101695571010463,16.583349648369847,15.0,20.0,25.0,10.0,35.0,20.0,6.29721802819575e-310,-1.0000000000000002,2.525e-321,-1.0000000000000568,6.2974173714247e-310,0.0,0.0,0.07819799044597187,0.0008265759881167672,9.607997785728033,-1.0000000000000566,7.130713655231653,0.001534832673364055,-1.0,-1.0,0.001596538547757746,4e-323,5e-324,5.2566326641857e-310,4e-323,5e-324,5.25663262308103e-310,4e-323,5e-324,5e-324,5.2566295670676e-310,4e-323,5e-324,5.25663263657965e-310,4e-323,5e-324,5.2566295589096e-310,0.0709613610285724,-0.012264412781783147,-0.31125545453491915,-0.1362003832224057,-0.017444649472037846,-0.5642791415532534,-0.295994825667288,-0.1562411387812417
0-1-2-3,29.239974037096605,24.450489148735645,9.19722274397669,17.53028824497281,9.362675006653008,16.12970661640818,7.8057007453431755,16.427108509588606,15.0,20.0,25.0,10.0,35.0,20.0,0.20938266842082862,0.7158789617234822,-1.0,-1.0,0.002346733752705719,-1.0,-1.0,0.002680109543364304,5e-324,5.25663266792955e-310,4e-323,5e-324,5.2566288396449e-310,4e-323,5e-324,5.25662822429997e-310,0.0008321616100918183,-1.0,-1.0,5.832919254050789,0.0015414537044450038,-1.0,-1.0,0.0015943617422546073,4e-323,5e-324,5.25663266652245e-310,4e-323,5e-324,5.25662964837265e-310,4e-323,5e-324,0.07096126775232005,-0.012264501087577252,-0.3116591263530554,-0.1352560277743866,-0.49439196302928384,-0.016272270942123555,-0.29769034375935255,-0.1573885739862895
0-1-2-3,29.310935304848925,24.438224647648067,8.885563617623635,17.395032217198423,8.868283043623725,16.113434345466054,7.508010401583823,16.269719935602318,15.0,20.0,25.0,10.0,35.0,20.0,6.29721802819575e-310,-1.0000000000000002,2.525e-321,-1.0000000000000568,6.2974173714247e-310,0.0,0.0,0.07819799044597187,0.0008265759881167672,9.607997785728033,-1.0000000000000566,7.130713655231653,0.001534832673364055,-1.0,-1.0,0.001596538547757746,4e-323,5e-324,5.2566326641857e-310,4e-323,5e-324,5.25663262308103e-310,4e-323,5e-324,5e-324,5.2566295670676e-310,4e-323,5e-324,5.25663263657965e-310,4e-323,5e-324,5.2566295589096e-310,0.07096117057322852,-0.012264591577693065,-0.3112492249576868,-0.13619317525125862,-0.3730764751618763,-0.01679522591544134,-0.29836500620208517,-0.15738690623975182
0-1-2-3,29.381896475422153,24.425960056070373,8.574314392665949,17.258839041947166,8.495206568461848,16.096639119550613,7.209645395381737,16.112333029362567,15.0,20.0,25.0,10.0,35.0,20.0,0.20938266842082862,0.7158789617234822,-1.0,-1.0,0.002346733752705719,-1.0,-1.0,0.002680109543364304,5e-324,5.25663266792955e-310,4e-323,5e-324,5.2566288396449e-310,4e-323,5e-324,5.25662822429997e-310,0.0008321616100918183,-1.0,-1.0,5.832919254050789,0.0015414537044450038,-1.0,-1.0,0.0015943617422546073,4e-323,5e-324,5.25663266652245e-310,4e-323,5e-324,5.25662964837265e-310,4e-323,5e-324,0.07096107331049736,-0.01226468417518703,-0.31125162839524545,-0.1361948837757825,-0.34307540201550374,-0.017333040604364684,-0.29872160614434456,-0.1573888336401601
0-1-2-3,29.45285754873265,24.413695371895187,8.263062764270703,17.122644158171383,8.152131166446344,16.07930607894625,6.910923789237392,15.954944195722407,15.0,20.0,25.0,10.0,35.0,20.0,6.29721802819575e-310,-1.0000000000000002,2.525e-321,-1.0000000000000568,6.2974173714247e-310,0.0,0.0,0.07819799044597187,0.0008265759881167672,9.607997785728033,-1.0000000000000566,7.130713655231653,0.001534832673364055,-1.0,-1.0,0.001596538547757746,4e-323,5e-324,5.2566326641857e-310,4e-323,5e-324,5.25663262308103e-310,4e-323,5e-324,5e-324,5.2566295670676e-310,4e-323,5e-324,5.25663263657965e-310,4e-323,5e-324,5.2566295589096e-310,0.07096097486594598,-0.012264778977952617,-0.3112547136050153,-0.13619726447045216,-0.04913407157841802,-0.587827851637011,-0.2959939713380315,-0.15616411199125518
0-1-2-3,29.523818523598596,24.401430592917233,7.951808050665688,16.98644689370093,8.102997094867925,15.491478227309239,6.614929817899361,15.79878008373115,15.0,20.0,25.0,10.0,35.0,20.0,5e-324,5.25663266792955e-310,4e-323,5e-324,5.2566288396449e-310,4e-323,5e-324,5.25662822429997e-310,0.0008321616100918183,-1.0,-1.0,5.832919254050789,0.0015414537044450038,-1.0,-1.0,0.0015943617422546073,4e-323,5e-324,5.25663266652245e-310,4e-323,5e-324,5.25662964837265e-310,4e-323,5e-324,0.001623328568274951,-1.0,0.3607476033717195,-1.0,0.002404148112286824,-1.0,-1.0,0.002591106499887249,0.07096087543279346,-0.012264876040007484,-0.31164793078987924,-0.13529515291552122,-0.4929351986057014,-0.01618135799861097,-0.2978654817923566,-0.15740481385053948
0-1-2-3,29.59477939903139,24.389165716877226,7.640160119875809,16.851151740785408,7.6100618962622235,15.475296869310627,6.317064336107004,15.641375269880612,15.0,20.0,25.0,10.0,35.0,20.0,-1.0,-1.0,0.001585749889520184,-1.0,-1.0,-1.0,0.0021824135762664675,0.08713930797215652,0.001677197098798474,-1.0,0.306363250501448,0.360964656861914,0.002459471876362251,-1.0,-1.0,0.0026584267236095804,0.0016070837139111848,0.4337431333868941,-1.0,-1.0,0.002427100607639285,-1.0,-1.0,0.0028163156609821794,0.15391810967864947,-1.0,-1.0,0.5065216099118742,0.002226913336012264,-1.0,-1.0,0.0024391222973092546,0.07096077257936886,-0.01226497550948325,-0.3112491700241169,-0.13619087136291838,-0.38802375215944235,-0.017219311769108514,-0.2986391981979547,-0.1574041656966419
0-1-2-3,29.665740171610757,24.37690074136774,7.328910949851692,16.71496086942249,7.222038144102781,15.458077557541518,6.018425137909049,15.48397110418397,15.0,20.0,25.0,10.0,35.0,20.0,0.001623328568274951,-1.0,0.3607476033717195,-1.0,0.002404148112286824,-1.0,-1.0,0.002591106499887249,0.0017337797000670468,-1.0,0.5319430417030011,-1.0,0.0025166217139633157,-1.0,-1.0,0.0027274357263370845,0.20938266842082862,0.7158789617234822,-1.0,-1.0,0.002346733752705719,-1.0,-1.0,0.002680109543364304,0.15285038925038466,-1.0,-1.0,0.7158789617234822,0.0021801222386231577,-1.0,-1.0,0.0023801247806861394,0.07096066886886582,-0.01226507736020146,-0.311251065877705,-0.1361921693361465,-0.3631120404515849,-0.017986613999283738,-0.2991448145491018,-0.15740662570738878
0-1-2-3,29.736700840479624,24.36463566400754,7.017659883973987,16.578768700086343,6.8589261036511955,15.440090943542234,5.719280323359947,15.326564478476582,15.0,20.0,25.0,10.0,35.0,20.0,-1.0,-1.0,0.001585749889520184,-1.0,-1.0,-1.0,0.0021824135762664675,0.08713930797215652,0.001677197098798474,-1.0,0.306363250501448,0.360964656861914,0.002459471876362251,-1.0,-1.0,0.0026584267236095804,0.0016070837139111848,0.4337431333868941,-1.0,-1.0,0.002427100607639285,-1.0,-1.0,0.0028163156609821794,0.15391810967864947,-1.0,-1.0,0.5065216099118742,0.002226913336012264,-1.0,-1.0,0.0024391222973092546,0.07096056350844442,-0.012265181685889146,-0.31125339362844934,-0.13619389789212527,-0.08611953879123276,-0.660629294379895,-0.2959906270192545,-0.15588210865829308
0-1-2-3,29.807661403988067,24.35237048232165,6.706406490345538,16.44257480219422,6.7728065648599625,14.77946164916234,5.423289696340692,15.170682369818289,15.0,20.0,25.0,10.0,35.0,20.0,0.001623328568274951,-1.0,0.3607476033717195,-1.0,0.002404148112286824,-1.0,-1.0,0.002591106499887249,0.0017337797000670468,-1.0,0.5319430417030011,-1.0,0.0025166217139633157,-1.0,-1.0,0.0027274357263370845,0.20938266842082862,0.7158789617234822,-1.0,-1.0,0.002346733752705719,-1.0,-1.0,0.002680109543364304,0.15285038925038466,-1.0,-1.0,0.7158789617234822,0.0021801222386231577,-1.0,-1.0,0.0023801247806861394,0.07096045637593544,-0.012265288558326912,-0.3116318725683718,-0.13534916829658872,-0.49258097888709607,-0.016151536269737664,-0.29823131086137117,-0.1574264150001406
0-1-2-3,29.878621860364003,24.34010519376332,6.394774617777166,16.30722563389763,6.280225585972866,14.763310112892603,5.1250583854793215,15.013255954818149,15.0,20.0,25.0,10.0,35.0,20.0,-1.0,-1.0,0.001585749889520184,-1.0,-1.0,-1.0,0.0021824135762664675,0.08713930797215652,0.001677197098798474,-1.0,0.306363250501448,0.360964656861914,0.002459471876362251,-1.0,-1.0,0.0026584267236095804,0.0016070837139111848,0.4337431333868941,-1.0,-1.0,0.002427100607639285,-1.0,-1.0,0.0028163156609821794,0.15391810967864947,-1.0,-1.0,0.5065216099118742,0.002226913336012264,-1.0,-1.0,0.0024391222973092546,0.07096034625445265,-0.012265398089548109,-0.3112484085669212,-0.1361881778532351,-0.4061248016475474,-0.01819625958645903,-0.29927398798186006,-0.1574251977541847
0-1-2-3,29.949582206618455,24.327839795673775,6.083526209210245,16.171037456044395,5.874100784325319,14.745113853306144,4.825784397497461,14.855830757063964,15.0,20.0,25.0,10.0,35.0,20.0,-1.0,-1.0,0.0015314123890874754,-1.0,-1.0,-1.0,0.00217922306892813,0.08876062555980557,0.001623328568274951,-1.0,0.3607476033717195,-1.0,0.002404148112286824,-1.0,-1.0,0.002591106499887249,0.20938266842082862,0.7158789617234822,-1.0,-1.0,0.002346733752705719,-1.0,-1.0,0.002680109543364304,0.15285038925038466,-1.0,-1.0,0.7158789617234822,0.0021801222386231577,-1.0,-1.0,0.0023801247806861394,0.0709602346079669,-0.012265510298826342,-0.31124966808883014,-0.1361889325817419,-0.3889904228059238,-0.02005786921417521,-0.30018994921321684,-0.1574259119050845
0-1-2-3,30.02054244122642,24.31557428537495,5.772276541121414,16.034848523462653,5.485110361519395,14.725055984091968,4.525594448284244,14.69840484515888,15.0,20.0,25.0,10.0,35.0,20.0,4e-323,5e-324,5.2566326641857e-310,4e-323,5e-324,5.25663262308103e-310,4e-323,5e-324,0.0008212807590862338,9.77463569995737,-1.0,10.312318068892564,0.0015319601190827792,-1.0,-1.0,0.0015973051098608076,-1.0,-1.0,0.0008262492144856451,-1.0,-1.0,-1.0,0.0020184362482566784,0.17976944030561406,0.0008321616100918183,-1.0,-1.0,5.832919254050789,0.0015414537044450038,-1.0,-1.0,0.0015943617422546073,0.0709601208610014,-0.012265625278965402,-0.31125108367997545,-0.13618985171242728,-0.13529650474565966,-0.8063819811427866,-0.29598160205073676,-0.15509950560396088
0-1-2-3,30.091502562087424,24.303308660095986,5.461025457441439,15.898658671750226,5.349813856773735,13.918674002949182,4.229612846233508,14.54330533955492,15.0,20.0,25.0,10.0,35.0,20.0,5e-324,5.25662871677037e-310,4e-323,5e-324,5.2566326641857e-310,4e-323,5e-324,5.25663262308103e-310,-1.0,-1.0,0.0008213092312826247,-1.0,-1.0,-1.0,0.002012673737505641,0.18360819693424307,0.0008268025220627017,-1.0,-1.0,6.142077729528502,0.0015386045510850776,-1.0,-1.0,0.0015953704426553777,0.0008158444126989384,6.410918913996099,-1.0,-1.0,0.0015253174198779401,-1.0,-1.0,0.001598690613980614,0.0709600045056044,-0.012265743122056383,-0.3112466029361571,-0.13618334605482538,-0.44275086781695866,-0.017383496962196304,-0.29873653531339545,-0.15745334430451735
0-1-2-3,30.162462566593028,24.29104291697393,5.149778854505282,15.762475325695402,4.907062988956776,13.901290505986985,3.9308763109201124,14.385851995250402,15.0,20.0,25.0,10.0,35.0,20.0,-1.0,-1.0,0.0008262492144856451,-1.0,-1.0,-1.0,0.0020184362482566784,0.17976944030561406,0.0008321616100918183,-1.0,-1.0,5.832919254050789,0.0015414537044450038,-1.0,-1.0,0.0015943617422546073,0.0008200100452483497,4.594277188802598,-1.0,-1.0,0.0015269137119942467,-1.0,-1.0,0.0015984055652888778,0.0008265759881167672,9.607997785728033,-1.0,7.130713655231653,0.001534832673364055,-1.0,-1.0,0.001596538547757746,0.07095988585792988,-0.012265863892802894,-0.3112472421289686,-0.1361838721083382,-0.4284186006072752,-0.019163743621888725,-0.2999017091927934,-0.1574522293876719
0-1-2-3,30.23342245245096,24.278777053081125,4.838531612376314,15.626291453587063,4.478644388349501,13.882126762365097,3.630974601727319,14.22839976586273,15.0,20.0,25.0,10.0,35.0,20.0,5e-324,5.25662871677037e-310,4e-323,5e-324,5.2566326641857e-310,4e-323,5e-324,5.25663262308103e-310,-1.0,-1.0,0.0008213092312826247,-1.0,-1.0,-1.0,0.002012673737505641,0.18360819693424307,0.0008268025220627017,-1.0,-1.0,6.142077729528502,0.0015386045510850776,-1.0,-1.0,0.0015953704426553777,0.0008158444126989384,6.410918913996099,-1.0,-1.0,0.0015253174198779401,-1.0,-1.0,0.001598690613980614,0.0709597648141184,-0.012265987672321843,-0.31124789634425,-0.13618444443383745,-0.4246098542966551,-0.024310934278777747,-0.3016462076479355,-0.15744707760178525
0-1-2-3,30.30438221726508,24.266511065408803,4.527283716032064,15.490107009153226,4.054034534052846,13.857815828086318,3.329328394079383,14.070952688260943,15.0,20.0,25.0,10.0,35.0,20.0,-1.0,-1.0,0.0008262492144856451,-1.0,-1.0,-1.0,0.0020184362482566784,0.17976944030561406,0.0008321616100918183,-1.0,-1.0,5.832919254050789,0.0015414537044450038,-1.0,-1.0,0.0015943617422546073,0.0008200100452483497,4.594277188802598,-1.0,-1.0,0.0015269137119942467,-1.0,-1.0,0.0015984055652888778,0.0008265759881167672,9.607997785728033,-1.0,7.130713655231653,0.001534832673364055,-1.0,-1.0,0.001596538547757746,0.0709596412128261,-0.012266114545331667,-0.31124852889442445,-0.13618499826701352,-0.4223699504406234,-0.03253072098222946,-0.304426178567596,-0.15743413459276043
0-1-2-3,30.375341858477906,24.254244950863473,4.216035187137639,15.353922010886212,3.6316645836122228,13.825285107104088,3.024902215511787,13.913518553668183,15.0,20.0,25.0,10.0,35.0,20.0,5e-324,5.25662871677037e-310,4e-323,5e-324,5.2566326641857e-310,4e-323,5e-324,5.25663262308103e-310,-1.0,-1.0,0.0008213092312826247,-1.0,-1.0,-1.0,0.002012673737505641,0.18360819693424307,0.0008268025220627017,-1.0,-1.0,6.142077729528502,0.0015386045510850776,-1.0,-1.0,0.0015953704426553777,0.0008158444126989384,6.410918913996099,-1.0,-1.0,0.0015253174198779401,-1.0,-1.0,0.001598690613980614,0.07095951494340252,-0.012266244596290762,-0.31124908893976827,-0.13618544417551354,-0.4232498081883184,-0.045839387039529216,-0.3089218994397318,-0.15740786730155726
0-1-2-3,30.44630137342131,24.241978706267183,3.9047860981978713,15.217736566710698,3.2084147754239045,13.77944572006456,2.7159803160720553,13.756110686366625,15.0,20.0,25.0,10.0,35.0,20.0,-1.0,-1.0,0.0008262492144856451,-1.0,-1.0,-1.0,0.0020184362482566784,0.17976944030561406,0.0008321616100918183,-1.0,-1.0,5.832919254050789,0.0015414537044450038,-1.0,-1.0,0.0015943617422546073,0.0008200100452483497,4.594277188802598,-1.0,-1.0,0.0015269137119942467,-1.0,-1.0,0.0015984055652888778,0.0008265759881167672,9.607997785728033,-1.0,7.130713655231653,0.001534832673364055,-1.0,-1.0,0.001596538547757746,0.07095938588544864,-0.01226637791146409,-0.31124949507689914,-0.13618563942157447,-0.18807313130319048,-0.999497311411834,-0.2958962770092897,-0.14760299182360184
0-1-2-3,30.517260759306758,24.22971232835572,3.593536603120972,15.081550927289124,3.0203416441207143,12.779948408652725,2.4200840390627656,13.608507694543023,15.0,20.0,25.0,10.0,35.0,20.0,5e-324,5.25662871677037e-310,4e-323,5e-324,5.2566326641857e-310,4e-323,5e-324,5.25663262308103e-310,-1.0,-1.0,0.0008213092312826247,-1.0,-1.0,-1.0,0.002012673737505641,0.18360819693424307,0.0008268025220627017,-1.0,-1.0,6.142077729528502,0.0015386045510850776,-1.0,-1.0,0.0015953704426553777,0.0008158444126989384,6.410918913996099,-1.0,-1.0,0.0015253174198779401,-1.0,-1.0,0.001598690613980614,0.07095925347838505,-0.012266514594010559,-0.31124648420153833,-0.13617988950128218,-0.44997054155259214,-0.02079167600469283,-0.3004661855254168,-0.15749990773631964
0-1-2-3,30.588220012785143,24.21744581376171,3.282290118919434,14.945371037787842,2.570371102568122,12.759156732648032,2.1196178535373487,13.451007786806704,15.0,20.0,25.0,10.0,35.0,20.0,-1.0,-1.0,0.0008262492144856451,-1.0,-1.0,-1.0,0.0020184362482566784,0.17976944030561406,0.0008321616100918183,-1.0,-1.0,5.832919254050789,0.0015414537044450038,-1.0,-1.0,0.0015943617422546073,0.0008200100452483497,4.594277188802598,-1.0,-1.0,0.0015269137119942467,-1.0,-1.0,0.0015984055652888778,0.0008265759881167672,9.607997785728033,-1.0,7.130713655231653,0.001534832673364055,-1.0,-1.0,0.001596538547757746,0.07095911866894422,-0.012266654695282075,-0.3112467974365968,-0.13617995644357497,-0.4512145283790182,-0.028297495246498355,-0.3030078561765658,-0.15748859154154343
0-1-2-3,30.65917913145409,24.20517915906643,2.971043321482837,14.809191081344267,2.119156574189104,12.730859237401534,1.816609997360783,13.29351919526516,15.0,20.0,25.0,10.0,35.0,20.0,5e-324,5.25662871677037e-310,4e-323,5e-324,5.2566326641857e-310,4e-323,5e-324,5.25663262308103e-310,-1.0,-1.0,0.0008213092312826247,-1.0,-1.0,-1.0,0.002012673737505641,0.18360819693424307,0.0008268025220627017,-1.0,-1.0,6.142077729528502,0.0015386045510850776,-1.0,-1.0,0.0015953704426553777,0.0008158444126989384,6.410918913996099,-1.0,-1.0,0.0015253174198779401,-1.0,-1.0,0.001598690613980614,0.07095971402542953,-0.012266660005943007,-0.31124706159922194,-0.1361799537115773,-0.45603367211290724,-0.042721501668682174,-0.30788474131224536,-0.15745806832749376
0-1-2-3,30.73013884547952,24.192912499060487,2.659796259883615,14.673011127632689,1.6631229020761968,12.688137735732852,1.5087252560485376,13.136061126937667,15.0,20.0,25.0,10.0,35.0,20.0,-1.0,-1.0,0.0008262492144856451,-1.0,-1.0,-1.0,0.0020184362482566784,0.17976944030561406,0.0008321616100918183,-1.0,-1.0,5.832919254050789,0.0015414537044450038,-1.0,-1.0,0.0015943617422546073,0.0008200100452483497,4.594277188802598,-1.0,-1.0,0.0015269137119942467,-1.0,-1.0,0.0015984055652888778,0.0008265759881167672,9.607997785728033,-1.0,7.130713655231653,0.001534832673364055,-1.0,-1.0,0.001596538547757746,0.070960537568619,-0.012266625291119862,-0.31124723930085896,-0.13617981546494107,-0.46835637267418945,-0.07205110461444007,-0.3203281921394053,-0.15738641441224216
0-1-2-3,30.80109938304814,24.180645873769368,2.348549020582756,14.536831312167749,1.1947665294020073,12.616086631118412,1.1883970639091324,12.978674712525425,15.0,20.0,25.0,10.0,35.0,20.0,5e-324,5.25662871677037e-310,4e-323,5e-324,5.2566326641857e-310,4e-323,5e-324,5.25663262308103e-310,-1.0,-1.0,0.0008213092312826247,-1.0,-1.0,-1.0,0.002012673737505641,0.18360819693424307,0.0008268025220627017,-1.0,-1.0,6.142077729528502,0.0015386045510850776,-1.0,-1.0,0.0015953704426553777,0.0008158444126989384,6.410918913996099,-1.0,-1.0,0.0015253174198779401,-1.0,-1.0,0.001598690613980614,0.07096138421608102,-0.012266589302699181,-0.3112472612978627,-0.13617942030146227,-0.5164617617357917,-0.11785264920203588,-0.34068595868029,-0.15721826154925259
0-1-2-3,30.87206076726422,24.16837928446667,2.0373017592848934,14.400651891866287,0.6783047676662156,12.498233981916377,0.8477111052288424,12.821456450976173,15.0,20.0,25.0,10.0,35.0,20.0,-1.0,-1.0,0.0008262492144856451,-1.0,-1.0,-1.0,0.0020184362482566784,0.17976944030561406,0.0008321616100918183,-1.0,-1.0,5.832919254050789,0.0015414537044450038,-1.0,-1.0,0.0015943617422546073,0.0008200100452483497,4.594277188802598,-1.0,-1.0,0.0015269137119942467,-1.0,-1.0,0.0015984055652888778,0.0008265759881167672,9.607997785728033,-1.0,7.130713655231653,0.001534832673364055,-1.0,-1.0,0.001596538547757746,0.07096225300029728,-0.012266552275620263,-0.31124704288925475,-0.13617861986900737,0.08640153610922295,-0.0027824353256106805,-0.29593351772259635,-0.1596003533581782
0-1-2-3,30.943023020264516,24.15611273219105,1.7260547163956388,14.26447327199728,0.7647063037754386,12.495451546590767,0.5517775875062461,12.661856097617996,15.0,20.0,25.0,10.0,35.0,20.0,5e-324,5.25662871677037e-310,4e-323,5e-324,5.2566326641857e-310,4e-323,5e-324,5.25663262308103e-310,-1.0,-1.0,0.0008213092312826247,-1.0,-1.0,-1.0,0.002012673737505641,0.18360819693424307,0.0008268025220627017,-1.0,-1.0,6.142077729528502,0.0015386045510850776,-1.0,-1.0,0.0015953704426553777,0.0008158444126989384,6.410918913996099,-1.0,-1.0,0.0015253174198779401,-1.0,-1.0,0.001598690613980614,0.0709631683347091,-0.01226651004880608,-0.31124811894935195,-0.13618009185607347,-0.703232812114998,-0.2048626708329428,-0.37919072203470855,-0.15683522819994292
0-1-2-3,31.013986188599226,24.143846222142244,1.414806597446287,14.128293180141206,0.06147349166044058,12.290588875757823,0.1725868654715375,12.505020869418052,15.0,20.0,25.0,10.0,35.0,20.0,-1.0,-1.0,0.0008262492144856451,-1.0,-1.0,-1.0,0.0020184362482566784,0.17976944030561406,0.0008321616100918183,-1.0,-1.0,5.832919254050789,0.0015414537044450038,-1.0,-1.0,0.0015943617422546073,0.0008200100452483497,4.594277188802598,-1.0,-1.0,0.0015269137119942467,-1.0,-1.0,0.0015984055652888778,0.0008265759881167672,9.607997785728033,-1.0,7.130713655231653,0.001534832673364055,-1.0,-1.0,0.001596538547757746,0.07096407995157285,-0.012266471397569074,-0.31124724422683225,-0.13617816724251175,0.10522784362823469,-0.0004009844354809651,-0.2958965535561663,-0.16221112274467686
0-1-2-3,31.0849502685508,24.131579750744674,1.1035593532194548,13.992115012898694,0.16670133528867526,12.290187891322342,0.0,12.342809746673375,15.0,20.0,25.0,10.0,35.0,20.0,5e-324,5.25662871677037e-310,4e-323,5e-324,5.2566326641857e-310,4e-323,5e-324,5.25663262308103e-310,-1.0,-1.0,0.0008213092312826247,-1.0,-1.0,-1.0,0.002012673737505641,0.18360819693424307,0.0008268025220627017,-1.0,-1.0,6.142077729528502,0.0015386045510850776,-1.0,-1.0,0.0015953704426553777,0.0008158444126989384,6.410918913996099,-1.0,-1.0,0.0015253174198779401,-1.0,-1.0,0.001598690613980614,0.07096504966281506,-0.01226642568302638,-0.3112487004999012,-0.13618033432917465,-0.9516781820768491,-0.4519822276355311,-0.4910614949201504,-0.1554287488040922
0-1-2-3,31.155915318213612,24.119313325061647,0.7923106527195536,13.855934678569518,0.0,11.83820566368681,0.0,12.187380997869283,15.0,20.0,25.0,10.0,35.0,20.0,-1.0,-1.0,0.0008262492144856451,-1.0,-1.0,-1.0,0.0020184362482566784,0.17976944030561406,0.0008321616100918183,-1.0,-1.0,5.832919254050789,0.0015414537044450038,-1.0,-1.0,0.0015943617422546073,0.0008200100452483497,4.594277188802598,-1.0,-1.0,0.0015269137119942467,-1.0,-1.0,0.0015984055652888778,0.0008265759881167672,9.607997785728033,-1.0,7.130713655231653,0.001534832673364055,-1.0,-1.0,0.001596538547757746,0.070966037171181,-0.012266379953340309,-0.3112486478601195,-0.13617987486799069,-0.5364257191090093,-0.12650218622178766,-0.34451829647683374,-0.15706594168657648
0-1-2-3,31.226881355384794,24.107046945108305,0.48106200485943407,13.719754803701528,0.0,11.711703477465022,0.0,12.030315056182706,15.0,20.0,25.0,10.0,35.0,20.0,5e-324,5.25662871677037e-310,4e-323,5e-324,5.2566326641857e-310,4e-323,5e-324,5.25663262308103e-310,-1.0,-1.0,0.0008213092312826247,-1.0,-1.0,-1.0,0.002012673737505641,0.18360819693424307,0.0008268025220627017,-1.0,-1.0,6.142077729528502,0.0015386045510850776,-1.0,-1.0,0.0015953704426553777,0.0008158444126989384,6.410918913996099,-1.0,-1.0,0.0015253174198779401,-1.0,-1.0,0.001598690613980614,0.07096705909670005,-0.012266331397135516,-0.31124957587490004,-0.13618113830538278,-0.5907423335223257,-0.15025004620767488,-0.3550262968256137,-0.1568330190174645
0-1-2-3,31.297848414481493,24.09478061371117,0.16981242898453403,13.583573665396147,0.0,11.561453431257346,0.0,11.873482037165243,15.0,20.0,25.0,10.0,35.0,20.0,-1.0,-1.0,0.0008262492144856451,-1.0,-1.0,-1.0,0.0020184362482566784,0.17976944030561406,0.0008321616100918183,-1.0,-1.0,5.832919254050789,0.0015414537044450038,-1.0,-1.0,0.0015943617422546073,0.0008200100452483497,4.594277188802598,-1.0,-1.0,0.0015269137119942467,-1.0,-1.0,0.0015984055652888778,0.0008265759881167672,9.607997785728033,-1.0,7.130713655231653,0.001534832673364055,-1.0,-1.0,0.001596538547757746,0.07096810729629718,-0.012266281491794514,-0.31125005128304817,-0.13618162328179406,-0.6033733547921836,-0.15627346306269496,-0.3576866197736166,-0.1567513604199371
0-1-2-3,31.36881652177779,24.082514332219375,0.0,13.447392042114352,0.0,11.405179968194652,0.0,11.716730676745305,15.0,20.0,25.0,10.0,35.0,20.0,-1.0,-1.0,0.0008213092312826247,-1.0,-1.0,-1.0,0.002012673737505641,0.18360819693424307,0.0008268025220627017,-1.0,-1.0,6.142077729528502,0.0015386045510850776,-1.0,-1.0,0.0015953704426553777,0.0008158444126989384,6.410918913996099,-1.0,-1.0,0.0015253174198779401,-1.0,-1.0,0.001598690613980614,0.0008212807590862338,9.77463569995737,-1.0,10.312318068892564,0.0015319601190827792,-1.0,-1.0,0.0015973051098608076,0.07096918662870282,-0.012266229461564877,-0.3137211689506029,-0.14022340901507355,-0.5106440018402102,-0.08399000524702806,-0.35790603375873453,-0.007844337134985344
0-1-2-3,31.439785708406493,24.07024810275781,0.0,13.307168633099279,0.0,11.321189962947624,0.0,11.70888633961032,15.0,20.0,25.0,10.0,35.0,20.0,-1.0,-1.0,0.0008262492144856451,-1.0,-1.0,-1.0,0.0020184362482566784,0.17976944030561406,0.0008321616100918183,-1.0,-1.0,5.832919254050789,0.0015414537044450038,-1.0,-1.0,0.0015943617422546073,0.0008200100452483497,4.594277188802598,-1.0,-1.0,0.0015269137119942467,-1.0,-1.0,0.0015984055652888778,0.0008265759881167672,9.607997785728033,-1.0,7.130713655231653,0.001534832673364055,-1.0,-1.0,0.001596538547757746,0.07097030054288696,-0.012266174773576437,-0.31372175968029403,-0.14019872724201018,-0.499355529948984,-0.05743891485195538,-0.33451771766853755,-0.0090080501635342
0-1-2-3,31.51075600894938,24.057981927984233,0.0,13.166969905857268,0.0,11.263751048095669,0.0,11.699878289446787,15.0,20.0,25.0,10.0,35.0,20.0,-1.0,-1.0,0.0008213092312826247,-1.0,-1.0,-1.0,0.002012673737505641,0.18360819693424307,0.0008268025220627017,-1.0,-1.0,6.142077729528502,0.0015386045510850776,-1.0,-1.0,0.0015953704426553777,0.0008158444126989384,6.410918913996099,-1.0,-1.0,0.0015253174198779401,-1.0,-1.0,0.001598690613980614,0.0008212807590862338,9.77463569995737,-1.0,10.312318068892564,0.0015319601190827792,-1.0,-1.0,0.0015973051098608076,0.07097144234172863,-0.012266118650752564,-0.31372254767935287,-0.1401656370049281,-0.49504944659693384,-0.0473887935611297,-0.32550307022337155,-0.010130523537825733
0-1-2-3,31.58172745129111,24.04571580933348,0.0,13.02680426885234,0.0,11.21636225453454,0.0,11.68974776590896,15.0,20.0,25.0,10.0,35.0,20.0,-1.0,-1.0,0.0008262492144856451,-1.0,-1.0,-1.0,0.0020184362482566784,0.17976944030561406,0.0008321616100918183,-1.0,-1.0,5.832919254050789,0.0015414537044450038,-1.0,-1.0,0.0015943617422546073,0.0008200100452483497,4.594277188802598,-1.0,-1.0,0.0015269137119942467,-1.0,-1.0,0.0015984055652888778,0.0008265759881167672,9.607997785728033,-1.0,7.130713655231653,0.001534832673364055,-1.0,-1.0,0.001596538547757746,0.0709726123358531,-0.012266061100026572,-0.31372356385387745,-0.14012282027017206,-0.4926373891144651,-0.041777656050596725,-0.320381278038923,-0.011514510875945804
0-1-2-3,31.652700063626963,24.033449748233455,0.0,12.886681448582168,0.0,11.174584598483943,0.0,11.678233255033014,15.0,20.0,25.0,10.0,35.0,20.0,-1.0,-1.0,0.0008213092312826247,-1.0,-1.0,-1.0,0.002012673737505641,0.18360819693424307,0.0008268025220627017,-1.0,-1.0,6.142077729528502,0.0015386045510850776,-1.0,-1.0,0.0015953704426553777,0.0008158444126989384,6.410918913996099,-1.0,-1.0,0.0015253174198779401,-1.0,-1.0,0.001598690613980614,0.0008212807590862338,9.77463569995737,-1.0,10.312318068892564,0.0015319601190827792,-1.0,-1.0,0.0015973051098608076,0.07097381094520952,-0.01226600210682021,-0.3137248857297596,-0.14006697097967763,-0.49110972501065403,-0.03823007092769026,-0.3171234732464727,-0.013311504297657529
0-1-2-3,31.72367387457217,24.021183746126635,0.0,12.74661447760249,0.0,11.136354527556252,0.0,11.664921750735356,15.0,20.0,25.0,10.0,35.0,20.0,-1.0,-1.0,0.0008262492144856451,-1.0,-1.0,-1.0,0.0020184362482566784,0.17976944030561406,0.0008321616100918183,-1.0,-1.0,5.832919254050789,0.0015414537044450038,-1.0,-1.0,0.0015943617422546073,0.0008200100452483497,4.594277188802598,-1.0,-1.0,0.0015269137119942467,-1.0,-1.0,0.0015984055652888778,0.0008265759881167672,9.607997785728033,-1.0,7.130713655231653,0.001534832673364055,-1.0,-1.0,0.001596538547757746,0.07097503858974459,-0.012265941653474076,-0.31373311019925215,-0.14000514080738674,-0.4901038384890209,-0.035896071923273945,-0.3149249421458312,-0.015725117888832307
0-1-2-3,31.794648913161915,24.00891780447316,0.0,12.606609336795103,0.0,11.100458455632978,0.0,11.649196632846524,15.0,20.0,25.0,10.0,35.0,20.0,-1.0,-1.0,0.0008213092312826247,-1.0,-1.0,-1.0,0.002012673737505641,0.18360819693424307,0.0008268025220627017,-1.0,-1.0,6.142077729528502,0.0015386045510850776,-1.0,-1.0,0.0015953704426553777,0.0008158444126989384,6.410918913996099,-1.0,-1.0,0.0015253174198779401,-1.0,-1.0,0.001598690613980614,0.0008212807590862338,9.77463569995737,-1.0,10.312318068892564,0.0015319601190827792,-1.0,-1.0,0.0015973051098608076,0.07097629566738303,-0.012265879722505311,-0.31376554383535266,-0.14000467425539376,-0.48946207553724796,-0.03440685701251574,-0.3134693401486415,-0.019066736238037486
0-1-2-3,31.865625208829297,23.996651924750655,0.0,12.466604662539709,0.0,11.066051598620463,0.0,11.630129896608485,15.0,20.0,25.0,10.0,35.0,20.0,-1.0,-1.0,0.0008262492144856451,-1.0,-1.0,-1.0,0.0020184362482566784,0.17976944030561406,0.0008321616100918183,-1.0,-1.0,5.832919254050789,0.0015414537044450038,-1.0,-1.0,0.0015943617422546073,0.0008200100452483497,4.594277188802598,-1.0,-1.0,0.0015269137119942467,-1.0,-1.0,0.0015984055652888778,0.0008265759881167672,9.607997785728033,-1.0,7.130713655231653,0.001534832673364055,-1.0,-1.0,0.001596538547757746,0.07097758254211153,-0.012265816298062851,-0.3138108583246902,-0.14000401969638163,-0.4891177327017096,-0.03360633726285488,-0.31263280802656496,-0.023838052473914687
0-1-2-3,31.93660279137141,23.984386108452593,0.0,12.326600642843328,0.0,11.032445261357609,0.0,11.60629184413457,15.0,20.0,25.0,10.0,35.0,20.0,-1.0,-1.0,0.0008213092312826247,-1.0,-1.0,-1.0,0.002012673737505641,0.18360819693424307,0.0008268025220627017,-1.0,-1.0,6.142077729528502,0.0015386045510850776,-1.0,-1.0,0.0015953704426553777,0.0008158444126989384,6.410918913996099,-1.0,-1.0,0.0015253174198779401,-1.0,-1.0,0.001598690613980614,0.0008212807590862338,9.77463569995737,-1.0,10.312318068892564,0.0015319601190827792,-1.0,-1.0,0.0015973051098608076,0.07097889852653606,-0.012265748257200051,-0.3138759918776045,-0.14000307599377126,-0.48905988492333013,-0.03346842043670934,-0.31241959699997723,-0.030853079450283493
0-1-2-3,32.00758168989795,23.972120360195394,0.0,12.186597566849557,0.0,10.9989768409209,0.0,11.575438764684288,15.0,20.0,25.0,10.0,35.0,20.0,-1.0,-1.0,0.0008262492144856451,-1.0,-1.0,-1.0,0.0020184362482566784,0.17976944030561406,0.0008321616100918183,-1.0,-1.0,5.832919254050789,0.0015414537044450038,-1.0,-1.0,0.0015943617422546073,0.0008200100452483497,4.594277188802598,-1.0,-1.0,0.0015269137119942467,-1.0,-1.0,0.0015984055652888778,0.0008265759881167672,9.607997785728033,-1.0,7.130713655231653,0.001534832673364055,-1.0,-1.0,0.001596538547757746,0.07098024210338065,-0.012265670087318683,-0.3139353804778499,-0.13999967769241778,-0.48932940909242834,-0.03408747398599075,-0.3129606257195298,-0.04139927251639289
0-1-2-3,32.07856193200133,23.959854690108074,0.0,12.04659788915714,0.0,10.964889366934909,0.0,11.534039492167894,15.0,20.0,25.0,10.0,35.0,20.0,-1.0,-1.0,0.0008213092312826247,-1.0,-1.0,-1.0,0.002012673737505641,0.18360819693424307,0.0008268025220627017,-1.0,-1.0,6.142077729528502,0.0015386045510850776,-1.0,-1.0,0.0015953704426553777,0.0008158444126989384,6.410918913996099,-1.0,-1.0,0.0015253174198779401,-1.0,-1.0,0.001598690613980614,0.0008212807590862338,9.77463569995737,-1.0,10.312318068892564,0.0015319601190827792,-1.0,-1.0,0.0015973051098608076,0.07098161618450259,-0.01226559012968864,-0.313981230132522,-0.13999233994573637,-0.49003928803268315,-0.03572562783948363,-0.31461140451794706,-0.05725377641520852
0-1-2-3,32.14954354818583,23.947589099978384,0.0,11.906605549211402,0.0,10.929163739095426,0.0,11.476785715752685,15.0,20.0,25.0,10.0,35.0,20.0,-1.0,-1.0,0.0008262492144856451,-1.0,-1.0,-1.0,0.0020184362482566784,0.17976944030561406,0.0008321616100918183,-1.0,-1.0,5.832919254050789,0.0015414537044450038,-1.0,-1.0,0.0015943617422546073,0.0008200100452483497,4.594277188802598,-1.0,-1.0,0.0015269137119942467,-1.0,-1.0,0.0015984055652888778,0.0008265759881167672,9.607997785728033,-1.0,7.130713655231653,0.001534832673364055,-1.0,-1.0,0.001596538547757746,0.070983020894525,-0.012265508384468429,-0.3140460932377188,-0.13998223318748737,-0.49143205899873194,-0.038947409151570814,-0.31802831290603195,-0.07975044025365838
0-1-2-3,32.220526569080356,23.935323591593914,0.0,11.766623316023916,0.0,10.890216329943854,0.0,11.397035275499027,15.0,20.0,25.0,10.0,35.0,20.0,-1.0,-1.0,0.0008213092312826247,-1.0,-1.0,-1.0,0.002012673737505641,0.18360819693424307,0.0008268025220627017,-1.0,-1.0,6.142077729528502,0.0015386045510850776,-1.0,-1.0,0.0015953704426553777,0.0008158444126989384,6.410918913996099,-1.0,-1.0,0.0015253174198779401,-1.0,-1.0,0.001598690613980614,0.0008212807590862338,9.77463569995737,-1.0,10.312318068892564,0.0015319601190827792,-1.0,-1.0,0.0015973051098608076,0.07098445627419124,-0.012265424858918218,-0.314126280409298,-0.1399730430635176,-0.4940025009646966,-0.0449099750891844,-0.3237939126980415,-0.1060044586419508
0-1-2-3,32.291511025354545,23.923058166734997,0.0,11.626650272960397,0.0,10.845306354854669,0.0,11.291030816857075,15.0,20.0,25.0,10.0,35.0,20.0,-1.0,-1.0,0.0008262492144856451,-1.0,-1.0,-1.0,0.0020184362482566784,0.17976944030561406,0.0008321616100918183,-1.0,-1.0,5.832919254050789,0.0015414537044450038,-1.0,-1.0,0.0015943617422546073,0.0008200100452483497,4.594277188802598,-1.0,-1.0,0.0015269137119942467,-1.0,-1.0,0.0015984055652888778,0.0008265759881167672,9.607997785728033,-1.0,7.130713655231653,0.001534832673364055,-1.0,-1.0,0.001596538547757746,0.07098592230820251,-0.012265339561383586,-0.31419644667306207,-0.13996500138576268,-0.4986428168759133,-0.05571954022967381,-0.33289635656270095,-0.12695980004382493
0-1-2-3,32.36249694766275,23.910792827173612,0.0,11.486685271574634,0.0,10.789586814624995,0.0,11.164071016813251,15.0,20.0,25.0,10.0,35.0,20.0,-1.0,-1.0,0.0008213092312826247,-1.0,-1.0,-1.0,0.002012673737505641,0.18360819693424307,0.0008268025220627017,-1.0,-1.0,6.142077729528502,0.0015386045510850776,-1.0,-1.0,0.0015953704426553777,0.0008158444126989384,6.410918913996099,-1.0,-1.0,0.0015253174198779401,-1.0,-1.0,0.001598690613980614,0.0008212807590862338,9.77463569995737,-1.0,10.312318068892564,0.0015319601190827792,-1.0,-1.0,0.0015973051098608076,0.07098741896737314,-0.012265252492616412,-0.3142390783327944,-0.13996011787771945,-0.5064872892101444,-0.07411645623172894,-0.34712564892556014,-0.13719833389381825
0-1-2-3,32.43348436663012,23.898527574680994,0.0,11.346725153696916,0.0,10.715470358393265,0.0,11.026872682919432,15.0,20.0,25.0,10.0,35.0,20.0,-1.0,-1.0,0.0008262492144856451,-1.0,-1.0,-1.0,0.0020184362482566784,0.17976944030561406,0.0008321616100918183,-1.0,-1.0,5.832919254050789,0.0015414537044450038,-1.0,-1.0,0.0015943617422546073,0.0008200100452483497,4.594277188802598,-1.0,-1.0,0.0015269137119942467,-1.0,-1.0,0.0015984055652888778,0.0008265759881167672,9.607997785728033,-1.0,7.130713655231653,0.001534832673364055,-1.0,-1.0,0.001596538547757746,None,None,None,None,None,None,None,None
